ASSURED_AGE,NOMINEE_RELATION,OCCUPATION,POLICY SUMASSURED,Premium,PREMIUMPAYMENTMODE,Annual Income,HOLDERMARITALSTATUS,INDIV_REQUIREMENTFLAG,Policy Term,Policy Payment Term,Product Type,CHANNEL,Bank code,STATUS,SUB_STATUS,Fraud Category,Anomaly
13,6,11,115,324,2,44,1,1,4,1,4,3,0,1,3,8,1
26,5,11,45,4,4,5,0,1,9,1,3,3,0,1,3,8,0
27,12,10,45,4,4,17,0,1,9,1,3,3,0,1,3,8,0
27,12,11,42,4,4,36,0,1,4,1,3,3,0,1,3,8,0
47,5,6,7,4,4,67,0,1,9,1,3,3,0,1,3,8,0
38,10,0,22,4,4,18,0,1,4,1,3,3,0,0,11,8,0
25,5,2,45,4,4,15,0,1,9,1,3,3,0,1,3,8,0
39,10,11,61,242,4,92,0,1,6,1,4,0,0,1,3,8,0
36,12,4,141,347,4,97,0,1,6,1,4,0,0,1,3,8,0
20,2,10,102,305,4,106,1,1,6,1,4,0,0,0,11,8,0
33,12,2,104,307,4,119,0,1,6,1,4,0,0,1,3,8,0
47,10,2,102,305,4,65,0,1,6,1,4,0,0,1,3,8,0
43,1,11,141,347,4,168,0,1,6,1,4,0,0,1,3,8,0
47,11,6,61,242,4,51,0,1,6,1,4,0,0,1,3,8,0
45,5,6,61,242,4,67,0,1,6,1,4,0,0,1,3,8,0
38,1,6,61,242,4,49,0,1,6,1,4,0,0,1,3,8,0
32,5,11,161,300,4,44,0,0,4,1,3,0,0,1,2,8,0
33,12,11,108,113,4,103,0,1,4,1,3,0,0,1,3,8,0
44,12,11,82,189,4,51,0,0,4,1,3,0,0,1,3,8,0
33,12,11,120,168,4,83,0,1,4,1,3,0,0,1,3,8,0
47,10,8,145,330,4,92,0,0,10,1,3,0,0,1,3,8,0
36,11,11,119,208,4,70,0,1,4,1,3,0,0,1,3,8,0
46,12,11,82,217,4,59,0,0,4,1,3,0,0,1,3,8,0
27,5,11,132,126,4,76,0,0,4,1,3,0,0,1,3,8,0
44,10,11,89,220,4,108,0,0,4,1,3,0,0,1,3,8,0
35,6,11,82,67,4,92,0,1,4,1,3,0,0,1,3,8,0
33,5,11,119,165,4,94,0,1,4,1,3,0,0,1,3,8,0
24,6,11,163,386,4,148,1,1,9,1,4,0,0,1,3,8,1
27,11,10,51,101,0,17,0,1,14,1,3,3,0,1,3,8,1
48,12,11,115,324,1,85,0,0,4,1,4,3,0,1,3,8,1
8,2,0,52,251,4,54,0,1,9,1,3,0,0,1,3,8,1
21,12,11,52,251,4,51,0,1,9,1,3,0,0,3,0,8,0
25,12,0,52,251,4,26,0,1,9,1,3,0,1,1,3,8,0
35,12,11,174,293,1,143,0,0,28,1,3,3,0,1,3,8,1
48,11,11,108,311,4,102,0,0,19,1,3,3,0,1,3,8,0
37,5,11,108,318,4,67,0,1,19,1,3,3,0,0,11,8,0
29,11,0,108,320,0,36,0,1,26,1,3,3,0,1,3,8,1
29,12,4,70,251,4,44,0,1,26,1,3,3,0,1,3,8,0
41,12,0,108,320,0,76,0,0,26,1,3,3,0,1,3,8,1
26,5,11,15,14,4,5,0,1,9,1,3,3,0,1,3,8,0
28,12,2,89,100,4,36,0,0,21,1,3,3,0,1,3,8,0
22,2,0,104,196,4,15,1,1,18,1,3,3,0,0,11,8,1
35,11,11,61,242,4,59,0,1,9,1,4,3,0,1,9,8,0
37,12,2,142,364,4,131,0,1,4,1,4,0,0,1,3,8,0
50,12,11,163,386,4,137,0,1,4,1,4,0,0,0,11,8,0
54,5,8,0,376,4,136,0,1,4,1,4,3,0,0,11,8,0
57,12,9,0,347,4,64,0,1,4,1,4,0,0,0,11,8,0
33,6,11,0,382,4,131,1,1,4,1,4,0,0,0,11,8,0
53,10,4,0,307,3,67,0,1,9,1,4,0,0,0,11,8,0
53,10,4,0,307,4,67,0,1,9,1,4,0,0,0,11,8,0
37,12,11,0,382,4,131,0,1,4,1,4,0,0,3,15,8,0
50,10,9,0,382,4,131,0,1,4,1,4,0,0,0,11,8,0
62,11,9,0,382,4,120,0,1,4,1,4,0,0,0,11,8,0
53,10,9,0,347,4,148,0,1,4,1,4,0,0,0,11,8,0
15,6,11,50,4,4,42,1,1,4,1,3,3,0,6,1,8,1
35,0,0,61,242,4,67,1,1,6,1,4,0,0,0,11,8,1
23,6,11,141,347,4,70,0,1,6,1,4,0,0,0,11,8,0
23,6,11,141,347,4,76,0,1,6,1,4,0,0,0,11,8,0
17,6,11,141,347,4,88,0,1,6,1,4,0,0,0,11,8,0
28,5,11,127,332,4,92,0,1,6,1,4,0,0,3,15,8,0
23,11,11,141,347,4,137,0,1,6,1,4,0,0,0,11,8,0
23,2,11,141,347,4,67,1,1,6,1,4,0,0,0,11,8,1
33,12,11,141,347,4,75,0,1,6,1,4,0,0,0,11,8,0
41,12,11,61,242,4,51,0,1,6,1,4,0,0,0,11,8,0
40,1,11,141,347,4,85,0,1,6,1,4,3,0,2,1,8,0
47,1,11,61,242,4,85,0,1,6,1,4,0,0,0,11,8,0
41,1,11,103,306,4,108,0,1,6,1,4,0,0,0,11,8,0
23,1,11,61,242,4,67,3,1,6,1,4,3,0,2,1,8,1
23,10,11,104,307,4,67,3,1,6,1,4,3,0,2,1,8,1
23,10,11,61,242,4,67,3,1,6,1,4,3,0,2,1,8,1
34,12,0,127,332,4,53,0,1,9,1,4,3,0,8,8,8,1
33,10,2,43,260,4,36,0,1,6,1,3,0,0,0,11,8,0
34,6,11,118,340,4,67,1,1,9,1,3,0,0,0,11,8,0
33,11,11,52,255,4,92,0,1,9,1,3,0,0,0,11,8,0
31,10,11,91,318,4,51,0,1,9,1,3,0,0,0,11,8,0
20,10,6,52,255,4,67,0,1,9,1,3,0,0,0,11,8,0
20,1,6,52,255,4,67,0,1,9,1,3,0,0,0,11,8,0
41,1,11,112,349,4,108,0,1,6,1,3,0,0,0,11,8,0
51,1,9,40,251,4,26,3,0,9,1,3,3,0,1,2,8,1
64,10,9,0,409,3,181,0,1,30,1,2,0,0,0,11,8,1
27,12,11,108,318,4,84,0,1,16,1,3,0,0,0,11,8,0
26,11,11,70,251,4,67,0,1,19,1,3,1,0,3,0,8,0
50,12,9,108,318,4,134,0,0,16,1,3,0,0,0,11,8,0
49,12,11,131,337,4,85,0,0,26,1,3,3,0,8,8,8,1
30,5,11,131,334,4,85,0,1,26,1,3,3,0,2,1,8,0
38,5,8,108,318,4,44,0,1,26,1,3,3,0,0,11,8,0
40,1,11,143,351,4,85,0,0,26,1,3,3,0,8,8,8,1
11,6,12,131,337,4,100,1,1,26,1,3,3,0,8,8,8,1
14,6,11,143,350,4,128,1,1,26,1,3,3,0,3,0,8,1
38,5,11,143,350,4,139,0,1,26,1,3,3,0,2,1,8,0
49,11,11,143,350,4,113,0,0,19,1,3,3,0,3,0,8,1
41,5,11,108,318,4,59,0,1,19,1,3,0,0,0,11,8,0
5,11,8,108,318,4,148,0,1,19,1,3,3,0,0,11,8,0
5,11,8,108,318,4,148,0,1,19,1,3,3,0,0,11,8,0
20,2,11,152,359,4,119,1,1,26,1,3,3,0,2,1,8,1
14,6,11,158,366,4,128,1,1,26,1,3,3,0,3,0,8,1
10,11,11,164,379,4,165,0,1,26,1,3,3,0,0,11,8,1
22,6,11,152,361,4,105,1,1,26,1,3,3,0,0,11,8,1
19,6,11,152,361,4,85,1,1,26,1,3,3,0,0,11,8,1
12,6,12,158,369,0,128,1,1,22,1,3,3,0,0,11,8,1
21,2,10,168,383,4,142,1,1,26,1,3,3,0,2,1,8,1
23,6,11,171,388,4,141,1,0,26,1,3,3,0,8,8,8,1
35,12,2,87,291,0,53,0,1,26,1,3,1,0,1,2,8,1
39,12,11,131,337,4,89,0,1,19,1,3,3,0,0,11,8,0
38,6,11,0,382,4,123,0,1,4,1,2,0,0,2,1,8,0
44,12,11,39,160,0,108,0,0,33,1,3,3,0,1,3,8,1
36,6,11,127,332,4,106,0,1,6,1,4,0,0,0,11,8,0
42,12,11,142,364,4,94,0,1,6,1,4,0,0,0,11,8,0
39,11,6,136,371,4,108,0,1,9,1,3,0,0,0,11,2,0
18,2,12,163,386,4,100,1,1,4,1,4,0,0,2,1,2,1
3,11,9,163,386,4,119,0,1,4,1,4,0,0,2,1,2,0
47,5,6,163,386,4,142,0,0,4,1,4,0,0,2,1,2,0
11,2,12,163,386,4,142,1,1,4,1,4,0,0,2,1,2,1
16,2,12,163,386,4,142,1,1,4,1,4,0,0,2,1,2,1
11,2,12,163,386,4,131,1,1,4,1,4,0,0,2,1,2,1
11,2,12,163,386,4,131,1,1,4,1,4,0,0,2,1,2,1
8,11,9,163,386,4,146,0,1,4,1,4,0,0,2,1,2,0
13,2,12,163,386,4,148,1,1,4,1,4,0,0,2,1,2,1
12,2,12,163,386,4,142,1,1,4,1,4,0,0,2,1,2,1
15,2,12,163,386,4,153,0,1,4,1,4,0,0,2,1,2,0
8,11,9,163,386,4,146,0,1,4,1,4,0,0,2,1,2,0
18,6,12,163,386,4,148,1,1,4,1,4,0,0,2,1,2,1
13,6,12,157,383,4,150,1,1,6,1,3,0,0,2,1,2,1
15,2,12,157,383,4,142,1,1,6,1,3,0,0,2,1,2,1
18,6,2,149,366,4,134,1,1,9,1,3,0,0,2,1,2,0
6,11,11,166,381,4,131,0,1,26,1,3,0,0,2,1,2,1
8,11,6,166,381,4,123,0,1,26,1,3,0,0,2,1,2,1
5,11,2,166,381,4,131,0,1,26,1,3,0,0,2,1,2,1
46,12,11,7,47,4,67,0,1,1,1,3,0,0,0,11,8,0
44,12,11,7,46,4,67,0,1,1,1,3,0,0,0,11,8,0
50,12,11,17,127,4,51,0,0,1,1,3,0,0,0,11,8,0
39,5,11,50,286,4,119,0,1,1,1,3,3,0,0,11,8,0
40,12,11,35,241,1,94,0,1,1,1,3,3,0,0,11,8,0
27,12,0,17,31,4,36,0,1,4,1,4,0,2,0,11,8,1
32,12,11,39,136,4,26,0,1,4,1,4,0,0,0,11,8,0
31,11,0,32,83,0,5,0,1,9,1,4,3,0,0,11,8,1
32,12,8,37,4,4,85,0,1,9,1,3,3,0,0,11,8,0
35,11,2,24,4,4,15,0,1,9,1,3,3,0,0,11,8,0
47,10,2,1,0,4,5,0,1,4,1,3,3,0,0,11,8,0
23,12,10,56,4,4,5,0,1,9,1,3,3,0,0,11,8,0
37,12,0,24,4,4,26,0,1,9,1,3,0,3,0,11,8,0
33,12,10,37,4,4,5,0,1,9,1,3,3,0,0,11,2,0
32,10,10,37,4,4,8,0,1,9,1,3,3,0,0,11,8,0
26,1,11,45,4,4,36,0,1,9,1,3,3,0,0,11,8,0
18,5,6,56,4,4,33,0,1,9,1,3,3,0,0,11,8,0
47,10,10,7,4,4,23,0,1,9,1,3,3,0,0,11,8,0
32,12,2,37,4,4,15,0,1,9,1,3,3,0,0,11,8,0
42,10,0,17,4,4,15,0,1,9,1,3,3,0,0,11,8,0
36,12,0,22,4,4,26,0,1,4,1,3,0,0,0,11,8,0
48,10,2,7,4,4,26,0,1,4,1,3,3,0,0,11,8,0
33,10,2,34,4,4,15,0,1,4,1,3,3,0,0,11,8,0
40,10,0,17,4,4,15,0,1,9,1,3,3,0,0,11,8,0
43,12,11,17,4,4,18,0,1,9,1,3,3,0,0,11,8,0
26,6,2,42,4,4,15,0,1,4,1,3,3,0,0,11,8,0
20,12,2,56,4,4,19,0,1,9,1,3,3,0,0,11,8,0
40,1,10,17,4,4,17,0,1,9,1,3,3,0,0,11,8,0
27,12,0,42,4,4,3,0,1,4,1,3,0,0,0,11,8,0
37,12,11,24,4,4,26,0,1,9,1,3,3,0,0,11,8,0
46,12,9,7,4,4,135,0,1,9,1,3,3,0,0,11,8,0
19,2,10,56,4,4,17,0,1,9,1,3,3,0,0,11,8,0
31,12,2,37,4,4,26,0,0,9,1,3,3,0,0,11,8,0
25,12,2,45,4,4,28,0,1,9,1,3,3,0,0,11,8,0
34,12,0,24,4,4,5,0,1,9,1,3,3,0,0,11,8,0
39,10,6,17,4,4,26,0,1,9,1,3,3,0,0,11,8,0
23,2,8,56,4,4,26,1,0,9,1,3,3,0,0,11,8,1
29,12,2,37,4,4,15,0,1,9,1,3,3,0,0,11,8,0
43,12,0,17,4,4,15,0,1,9,1,3,3,0,0,11,8,0
31,5,2,37,4,4,12,0,1,9,1,3,3,0,0,11,8,0
38,12,2,24,4,4,12,0,1,9,1,3,3,0,0,11,8,0
25,12,2,42,4,4,5,0,1,4,1,3,1,0,0,11,8,0
48,12,8,7,4,4,36,0,1,9,1,3,3,0,0,11,8,0
42,12,2,17,4,4,9,0,1,9,1,3,3,0,0,11,8,0
36,12,0,6,2,4,4,0,1,4,1,3,1,0,0,11,8,0
42,10,10,17,4,4,26,0,0,9,1,3,3,0,0,11,8,0
36,11,10,4,1,4,15,0,1,4,1,3,1,0,0,11,8,0
37,10,10,24,4,4,5,0,1,9,1,3,1,0,0,11,8,0
42,11,0,13,4,4,26,0,0,4,1,3,1,0,0,11,8,0
20,0,11,56,4,4,7,1,1,9,1,3,3,0,0,11,8,1
39,12,2,17,4,4,15,0,1,9,1,3,3,0,0,11,8,0
43,1,6,17,4,4,20,0,1,9,1,3,3,0,0,11,8,0
32,10,2,37,4,4,13,0,1,9,1,3,3,0,0,11,8,0
29,11,2,37,4,4,59,0,1,9,1,3,3,0,0,11,8,0
48,12,2,7,4,4,15,0,1,9,1,3,3,0,0,11,8,0
30,12,0,37,4,4,36,0,1,9,1,3,3,0,0,11,8,0
33,12,2,37,4,4,42,0,1,9,1,3,3,0,0,11,8,0
48,1,0,7,4,4,15,0,1,9,1,3,3,0,0,11,8,0
47,12,2,7,4,4,28,0,1,4,1,3,3,0,0,11,8,0
26,11,0,45,4,4,22,0,0,9,1,3,3,0,0,11,8,0
28,6,10,45,4,4,26,1,1,9,1,3,3,0,0,11,8,0
39,10,2,17,4,4,15,0,1,9,1,3,3,0,0,11,8,0
48,10,8,1,0,4,28,0,1,9,1,3,0,0,0,11,8,0
35,11,2,24,4,4,21,0,1,9,1,3,3,0,0,11,8,0
39,9,2,13,4,4,26,1,1,4,1,3,3,0,0,11,8,0
31,11,6,37,4,4,16,0,1,9,1,3,3,0,0,11,8,0
46,12,11,7,4,4,26,0,1,9,1,3,3,0,0,11,8,0
38,12,2,24,4,4,26,0,1,9,1,3,3,0,0,11,8,0
39,12,0,17,4,4,44,0,0,9,1,3,3,0,0,11,8,0
43,11,0,13,4,4,15,0,1,4,1,3,3,0,0,11,8,0
41,11,11,13,4,4,67,0,1,4,1,3,3,0,0,11,8,0
30,12,2,37,4,4,14,0,1,9,1,3,3,0,0,11,8,0
31,12,10,37,4,4,18,0,1,9,1,3,3,0,0,11,8,0
37,11,8,24,4,4,26,0,0,9,1,3,3,0,0,11,8,0
43,12,2,17,4,4,36,0,1,9,1,3,3,0,0,11,8,0
45,11,2,7,4,4,26,0,1,9,1,3,3,0,0,11,8,0
31,12,2,37,4,4,18,0,1,9,1,3,3,0,0,11,8,0
32,12,10,34,4,4,29,0,0,4,1,3,3,0,0,11,8,0
29,5,2,37,4,4,26,0,1,9,1,3,3,0,0,11,8,0
37,12,2,24,4,4,26,0,1,9,1,3,3,0,0,11,8,0
38,10,2,24,4,4,44,0,1,9,1,3,3,0,0,11,8,0
36,12,2,22,4,4,36,0,1,4,1,3,3,0,0,11,8,0
41,12,0,17,4,4,26,0,1,9,1,3,3,0,0,11,8,0
34,11,10,24,4,4,2,0,1,9,1,3,3,0,0,11,8,0
36,10,0,22,4,4,41,0,1,4,1,3,0,0,0,11,8,0
40,10,0,17,4,4,18,0,1,9,1,3,3,0,0,11,8,0
36,10,2,24,4,4,9,0,1,9,1,3,3,0,0,11,8,0
47,10,11,7,4,4,67,0,1,9,1,3,3,0,0,11,8,0
41,10,10,17,4,4,18,0,1,9,1,3,3,0,0,11,8,0
47,10,11,7,4,4,4,0,1,9,1,3,3,0,0,11,8,0
39,12,0,13,4,4,85,0,1,4,1,3,0,0,0,11,8,0
27,12,0,45,4,4,26,0,1,9,1,3,3,0,0,11,8,0
30,12,10,37,4,4,15,0,1,9,1,3,3,0,0,11,8,0
43,12,2,17,4,4,15,0,0,9,1,3,3,0,0,11,8,0
40,0,2,17,4,4,18,0,1,9,1,3,0,4,0,11,8,1
27,5,10,45,4,4,8,0,1,9,1,3,3,0,0,11,8,0
33,5,10,13,2,4,5,0,1,4,1,3,1,0,0,11,8,0
21,11,2,50,4,4,15,0,1,4,1,3,3,0,0,11,8,0
44,0,2,7,4,4,26,0,1,4,1,3,1,0,0,11,8,0
37,5,0,22,4,4,7,0,1,4,1,3,1,0,0,11,8,0
47,1,0,7,4,4,53,0,1,9,1,3,3,0,0,11,8,0
46,10,2,3,3,4,15,0,1,4,1,3,3,0,0,11,8,0
45,0,0,7,4,4,21,1,1,4,1,3,0,0,0,11,8,1
45,10,6,7,4,4,33,0,1,9,1,3,0,4,0,11,8,0
43,5,0,13,4,4,7,0,1,4,1,3,1,0,0,11,8,0
47,10,11,7,4,4,26,0,1,4,1,3,1,0,0,11,8,0
37,5,0,11,3,4,7,0,1,9,1,3,1,0,0,11,8,0
31,12,0,37,4,4,15,0,1,9,1,3,3,0,0,11,8,0
28,11,2,45,4,4,44,0,1,9,1,3,3,0,0,11,8,0
42,10,10,5,3,4,36,0,1,4,1,3,1,0,0,11,8,0
27,5,2,45,4,4,15,0,1,9,1,3,3,0,0,11,8,0
16,6,11,56,4,4,3,1,1,9,1,3,3,0,0,11,8,1
21,5,11,50,4,4,26,0,1,4,1,3,3,0,0,11,8,0
46,12,0,7,4,4,15,0,1,4,1,3,0,0,0,11,8,0
41,11,2,17,4,4,15,0,1,9,1,3,3,0,0,11,8,0
41,12,11,13,4,4,46,0,1,4,1,3,0,0,0,11,8,0
40,10,6,17,4,4,33,0,1,9,1,3,0,0,0,11,8,0
44,11,2,7,4,4,51,0,1,4,1,3,0,0,0,11,8,0
41,5,10,13,4,4,18,0,1,4,1,3,0,0,0,11,8,0
45,1,0,7,4,4,26,0,1,9,1,3,3,0,0,11,8,0
43,12,0,13,4,4,22,0,1,4,1,3,0,0,0,11,8,0
48,12,2,7,4,4,15,0,1,9,1,3,3,0,0,11,8,0
43,12,2,17,4,4,15,0,1,9,1,3,3,0,0,11,8,0
41,5,2,17,4,4,5,0,1,9,1,3,3,0,0,11,8,0
43,12,10,17,4,4,18,0,1,9,1,3,3,0,0,11,8,0
43,5,6,17,4,4,35,0,1,9,1,3,3,0,0,11,8,0
43,1,10,17,4,4,7,0,1,9,1,3,3,0,0,11,8,0
40,11,2,17,4,4,42,0,1,9,1,3,3,0,0,11,8,0
35,1,11,50,4,4,67,3,1,4,1,3,3,0,0,11,8,1
43,10,11,50,206,4,72,0,1,6,1,4,0,0,0,11,8,0
46,12,2,61,242,4,33,0,0,6,1,4,0,0,0,11,8,0
45,12,11,103,306,4,107,0,1,6,1,4,0,0,0,11,8,0
46,12,9,73,274,4,51,0,1,9,1,4,3,0,0,11,8,0
43,12,11,50,206,4,51,0,1,6,1,4,0,0,0,11,8,0
48,11,11,50,206,4,83,0,0,6,1,4,3,0,0,11,8,0
43,12,11,50,206,4,88,0,1,6,1,4,3,0,0,11,8,0
39,5,6,103,306,4,108,0,0,9,1,4,3,0,0,11,8,0
39,11,11,141,347,4,53,0,0,6,1,4,0,0,0,11,8,0
35,12,11,61,242,4,106,0,0,6,1,4,0,0,0,11,8,0
47,12,11,39,136,4,42,0,1,6,1,4,0,0,0,11,8,0
42,12,11,73,274,4,100,0,1,6,1,4,0,0,0,11,8,0
47,10,11,61,242,4,87,0,1,6,1,4,0,0,0,11,8,0
39,12,9,102,305,4,42,0,0,6,1,4,3,0,0,11,8,0
48,12,11,61,242,4,106,0,1,6,1,4,0,0,0,11,8,0
45,12,2,61,242,4,67,0,1,6,1,4,0,0,0,11,8,0
29,12,11,61,242,4,85,0,1,6,1,4,0,0,0,11,8,0
45,11,11,39,136,4,92,0,0,6,1,4,0,0,0,11,8,0
47,12,11,39,136,4,67,0,1,6,1,4,0,0,0,11,8,0
46,1,11,104,307,4,67,3,1,6,1,4,0,0,0,11,8,1
47,5,6,73,274,4,76,0,1,6,1,4,0,0,0,11,8,0
41,12,10,61,242,4,26,0,1,6,1,4,0,0,0,11,8,0
36,12,10,39,136,4,17,0,1,6,1,4,3,0,0,11,8,0
38,12,11,39,136,4,54,0,0,6,1,4,0,0,0,11,8,0
44,12,11,103,306,4,106,0,1,6,1,4,0,0,0,11,8,0
42,12,11,61,242,4,76,0,0,6,1,4,0,0,0,11,8,0
48,11,11,39,136,4,78,0,1,6,1,4,0,0,0,11,8,0
45,12,11,104,307,4,92,0,1,6,1,4,0,0,0,11,8,0
44,12,11,61,242,4,51,0,0,9,1,4,3,0,0,11,8,0
41,10,0,61,242,4,89,0,0,6,1,4,0,0,0,11,8,0
37,12,11,39,136,4,70,0,1,6,1,4,0,0,0,11,8,0
48,5,11,61,242,4,119,0,1,6,1,4,0,0,0,11,8,0
45,12,11,41,161,4,67,0,0,6,1,4,0,0,0,11,8,0
19,5,10,61,242,4,36,0,0,6,1,4,3,0,0,11,8,0
44,12,0,61,242,4,67,0,1,6,1,4,0,0,0,11,8,0
46,11,11,39,136,4,67,0,1,6,1,4,0,0,0,11,8,0
39,12,11,61,242,4,67,0,1,6,1,4,0,0,0,11,8,0
41,5,6,61,242,4,33,0,1,6,1,4,0,0,0,11,8,0
43,12,11,61,242,4,51,0,0,6,1,4,0,0,0,11,8,0
45,12,11,61,242,4,85,0,0,6,1,4,0,0,0,11,8,0
46,12,11,61,242,4,104,0,0,6,1,4,0,0,0,11,8,0
44,12,11,61,242,4,67,0,0,6,1,4,0,0,0,11,8,0
45,12,11,39,136,4,85,0,1,6,1,4,0,0,0,11,8,0
47,12,11,39,136,4,59,0,1,6,1,4,0,0,0,11,8,0
47,12,11,61,242,4,51,0,1,6,1,4,3,0,0,11,8,0
33,5,6,39,136,4,51,0,1,6,1,4,0,0,0,11,8,0
45,10,11,50,206,4,59,0,1,6,1,4,0,0,0,11,8,0
47,12,11,104,307,4,59,0,1,6,1,4,0,0,0,11,8,0
29,12,11,39,136,4,100,0,0,6,1,4,0,0,0,11,8,0
38,12,11,39,136,4,65,0,1,9,1,4,3,0,0,11,8,0
35,12,11,50,206,4,67,0,0,6,1,4,0,0,0,11,8,0
47,12,11,39,136,4,36,0,1,6,1,4,0,0,0,11,8,0
47,5,6,61,242,4,18,0,1,6,1,4,3,0,0,11,8,0
43,12,2,50,206,4,67,0,1,9,1,4,3,0,0,11,8,0
46,10,11,61,242,4,85,0,1,6,1,4,0,0,0,11,8,0
48,11,10,104,307,4,83,0,0,6,1,4,0,0,0,11,8,0
45,12,11,60,238,4,92,0,1,6,1,4,0,0,0,11,8,0
38,5,11,61,242,4,103,0,1,6,1,4,0,0,0,11,8,0
45,12,11,104,307,4,76,0,1,6,1,4,0,0,0,11,8,0
42,10,2,39,136,4,44,0,1,6,1,4,0,0,0,11,8,0
45,12,11,61,242,4,67,0,1,6,1,4,0,0,0,11,8,0
47,10,11,43,167,4,92,0,1,9,1,4,0,0,0,11,8,0
48,12,11,89,298,4,59,0,0,6,1,4,0,0,0,11,8,0
44,11,11,61,242,4,67,0,1,6,1,4,0,0,0,11,8,0
47,10,11,50,206,4,51,0,1,6,1,4,0,0,0,11,8,0
41,11,11,50,206,4,85,0,0,6,1,4,0,0,0,11,8,0
45,12,11,61,242,4,67,0,1,6,1,4,0,0,0,11,8,0
47,12,11,61,242,4,85,0,1,6,1,4,0,0,0,11,8,0
48,12,11,61,242,4,67,0,1,6,1,4,0,0,0,11,8,0
45,11,11,39,136,4,109,0,0,6,1,4,0,0,0,11,8,0
44,12,2,50,206,4,51,0,1,6,1,4,0,0,0,11,8,0
46,12,11,104,307,4,115,0,1,6,1,4,0,0,0,11,8,0
47,10,9,39,136,4,67,0,0,6,1,4,0,0,0,11,8,0
47,10,11,61,242,4,75,0,1,6,1,4,0,0,0,11,8,0
48,5,11,104,307,4,137,0,1,6,1,4,0,0,0,11,8,0
48,10,11,61,242,4,106,0,1,6,1,4,0,0,0,11,8,0
38,12,11,39,136,4,51,0,0,6,1,4,0,0,0,11,8,0
46,12,11,104,307,4,103,0,1,6,1,4,0,0,0,11,8,0
40,12,2,104,307,4,67,0,1,6,1,4,0,0,0,11,8,0
47,11,11,61,242,4,59,0,1,9,1,4,0,0,0,11,8,0
45,12,11,61,242,4,100,0,1,6,1,4,0,0,0,11,8,0
47,12,11,61,242,4,44,0,1,6,1,4,0,0,0,11,8,0
47,12,11,73,274,4,67,0,1,9,1,4,3,0,0,11,8,0
48,12,11,50,206,4,59,0,1,6,1,4,0,0,0,11,8,0
41,12,11,39,136,4,175,0,1,6,1,4,0,0,0,11,8,0
48,10,2,104,307,4,44,0,1,9,1,4,3,0,0,11,8,0
47,12,2,104,307,4,119,0,1,6,1,4,0,0,0,11,8,0
45,12,11,61,242,4,67,0,1,6,1,4,0,0,0,11,8,0
45,10,11,61,242,4,97,0,0,6,1,4,0,0,0,11,8,0
47,12,11,61,242,4,67,0,1,6,1,4,0,0,0,11,8,0
26,12,0,39,136,4,59,0,0,6,1,4,1,0,0,11,8,0
42,10,11,104,307,4,87,0,1,6,1,4,0,0,0,11,8,0
45,11,6,13,307,3,53,0,1,4,1,4,3,0,0,11,8,0
47,10,11,50,206,4,51,0,1,6,1,4,0,0,0,11,8,0
45,12,11,50,206,4,67,0,0,6,1,4,0,0,0,11,8,0
45,12,11,61,242,4,70,0,1,6,1,4,0,0,0,11,8,0
41,12,11,104,307,4,59,0,1,6,1,4,0,0,0,11,8,0
42,12,11,64,252,4,94,0,0,6,1,4,0,0,0,11,8,0
47,12,2,59,237,4,44,0,1,6,1,4,3,0,0,11,8,0
44,11,2,50,206,4,15,0,1,6,1,4,3,0,0,11,8,0
48,12,11,39,136,4,51,0,1,6,1,4,0,0,0,11,8,0
48,10,11,61,242,4,85,0,1,9,1,4,3,0,0,11,8,0
47,12,11,61,242,4,67,0,1,6,1,4,0,0,0,11,8,0
46,10,11,47,191,4,59,3,1,6,1,4,0,0,0,11,8,0
40,12,10,61,242,4,36,0,1,6,1,4,0,0,0,11,8,0
42,10,2,61,242,4,44,0,0,6,1,4,0,0,0,11,8,0
48,12,11,39,136,4,51,0,0,6,1,4,0,0,0,11,8,0
41,10,0,58,233,4,42,0,1,6,1,4,0,0,0,11,8,0
40,12,11,39,136,4,15,0,1,6,1,4,3,0,0,11,8,0
39,12,10,61,242,4,40,0,0,6,1,4,0,2,0,11,8,0
47,5,2,60,238,4,18,0,1,6,1,4,3,0,0,11,8,0
34,5,6,103,306,4,103,0,1,18,1,4,3,0,0,11,8,0
47,12,11,61,242,4,67,0,1,6,1,4,0,0,0,11,8,0
31,1,2,104,307,4,44,0,1,14,1,4,3,0,0,11,8,0
39,12,2,104,307,4,106,0,1,6,1,4,3,0,0,11,8,0
39,10,0,39,136,4,36,0,1,6,1,4,0,5,0,11,8,1
43,12,11,73,274,4,67,0,1,6,1,4,0,0,0,11,8,0
47,12,11,104,307,4,119,0,1,6,1,4,0,0,0,11,8,0
46,12,11,86,292,4,67,0,1,6,1,4,0,0,0,11,8,0
46,12,0,61,242,4,44,0,1,6,1,4,3,0,0,11,8,0
47,12,11,82,285,4,67,0,1,6,1,4,0,0,0,11,8,0
48,12,2,104,307,4,128,0,1,6,1,4,0,0,0,11,8,0
41,12,11,50,206,4,64,0,1,6,1,4,0,0,0,11,8,0
43,5,6,61,242,4,36,0,1,9,1,4,3,0,0,11,8,0
43,12,2,104,307,4,53,0,1,6,1,4,3,0,0,11,8,0
41,12,11,39,136,4,70,0,0,6,1,4,3,0,0,11,8,0
46,12,2,50,206,4,44,0,1,9,1,4,3,0,0,11,8,0
48,12,11,61,242,4,115,0,1,6,1,4,0,0,0,11,8,0
42,5,10,60,238,4,36,0,1,14,1,4,3,0,0,11,8,0
47,11,2,39,136,4,36,0,1,6,1,4,3,0,0,11,8,0
39,12,11,104,307,4,76,0,1,6,1,4,0,0,0,11,8,0
43,10,2,61,242,4,26,0,0,14,1,4,3,0,0,11,8,0
46,11,10,104,307,4,92,0,1,6,1,4,0,0,0,11,8,0
43,12,11,61,242,4,67,0,1,6,1,4,0,0,0,11,8,0
42,10,11,61,242,4,103,0,1,6,1,4,0,0,0,11,8,0
47,10,11,61,242,4,62,0,1,6,1,4,0,0,0,11,8,0
44,12,11,39,136,4,92,0,0,6,1,4,0,0,0,11,8,0
43,12,11,50,206,4,51,0,1,6,1,4,0,0,0,11,8,0
43,12,11,61,242,4,66,0,1,6,1,4,0,0,0,11,8,0
47,11,10,104,307,4,67,0,1,6,1,4,0,0,0,11,8,0
41,12,11,50,206,4,59,0,1,6,1,4,0,0,0,11,8,0
46,12,11,50,206,4,85,0,1,6,1,4,0,0,0,11,8,0
46,12,11,61,242,4,51,0,1,6,1,4,0,0,0,11,8,0
40,12,11,61,242,4,67,0,1,6,1,4,0,0,0,11,8,0
43,11,11,61,242,4,76,0,1,6,1,4,0,0,0,11,8,0
46,10,2,61,242,4,36,0,1,9,1,4,3,0,0,11,8,0
47,10,11,61,242,4,85,0,1,6,1,4,0,2,0,11,8,0
39,10,6,61,242,4,106,0,1,6,1,4,0,0,0,11,8,0
46,12,2,61,242,4,91,0,1,6,1,4,3,0,0,11,8,0
42,12,11,73,274,4,51,0,1,6,1,4,0,0,0,11,8,0
45,11,11,104,307,4,85,0,1,6,1,4,0,0,0,11,8,0
44,11,11,39,136,4,51,0,1,6,1,4,0,0,0,11,8,0
43,12,11,61,242,4,94,0,1,9,1,4,0,0,0,11,8,0
44,10,2,61,242,4,18,3,1,6,1,4,0,0,0,11,8,0
43,1,11,61,242,4,64,0,1,6,1,4,0,0,0,11,8,0
45,10,6,61,242,4,74,0,1,6,1,4,0,0,0,11,8,0
39,11,11,61,242,4,75,0,1,6,1,4,0,0,0,11,8,0
42,12,10,39,136,4,36,0,1,15,1,4,3,0,0,11,8,0
41,12,0,39,136,4,54,0,1,6,1,4,0,2,0,11,8,0
45,12,0,61,242,4,33,0,1,9,1,4,0,1,0,11,8,0
48,12,2,104,307,4,33,0,1,6,1,4,3,0,0,11,8,0
41,12,0,39,136,4,36,0,1,6,1,4,0,0,0,11,8,0
41,12,2,39,136,4,26,0,1,6,1,4,0,6,0,11,8,1
44,11,11,61,242,4,67,0,1,6,1,4,0,0,0,11,8,0
42,12,9,104,307,4,54,0,1,6,1,4,0,0,0,11,8,0
46,12,11,39,136,4,36,0,0,6,1,4,0,0,0,11,8,0
47,12,11,39,136,4,36,0,0,6,1,4,0,0,0,11,8,0
47,12,2,104,307,4,108,0,1,6,1,4,3,0,0,11,8,0
43,11,2,61,242,4,51,0,1,6,1,4,3,0,0,11,8,0
44,11,2,61,242,4,67,0,1,6,1,4,3,0,0,11,8,0
41,10,6,61,242,4,33,0,1,6,1,4,0,0,0,11,8,0
43,12,11,104,307,4,15,0,1,6,1,4,0,0,0,11,8,0
47,11,11,61,242,4,67,0,1,6,1,4,0,0,0,11,8,0
44,10,2,39,136,4,33,0,1,6,1,4,3,0,0,11,8,0
46,12,11,61,242,4,116,0,1,6,1,4,0,0,0,11,8,0
44,10,11,127,332,4,67,0,1,6,1,4,3,0,0,11,8,0
44,10,11,104,307,4,92,0,0,6,1,4,0,7,0,11,8,0
38,12,11,61,242,4,44,0,1,6,1,4,0,0,0,11,8,0
46,10,2,60,238,4,26,0,1,9,1,4,3,0,0,11,8,0
45,10,11,61,242,4,85,0,0,6,1,4,0,0,0,11,8,0
41,11,0,39,136,4,36,0,1,6,1,4,0,7,0,11,8,1
39,12,2,61,242,4,76,0,1,6,1,4,0,0,0,11,8,0
41,12,0,39,136,4,42,0,0,6,1,4,0,0,0,11,8,0
44,12,11,61,242,4,67,0,1,9,1,4,0,0,0,11,8,0
45,10,11,61,242,4,51,0,1,6,1,4,0,0,0,11,8,0
45,12,11,104,307,4,88,0,0,6,1,4,3,0,0,11,8,0
47,10,0,61,242,4,36,0,1,9,1,4,3,0,0,11,8,0
43,12,10,104,307,4,51,0,1,6,1,4,0,0,0,11,8,0
47,12,11,39,136,4,67,0,1,6,1,4,0,0,0,11,8,0
48,12,11,61,242,4,92,0,1,6,1,4,0,0,0,11,8,0
44,11,11,61,242,4,92,0,0,6,1,4,0,0,0,11,8,0
48,3,6,50,206,4,44,0,1,6,1,4,0,0,0,11,8,0
47,12,2,104,307,4,67,0,1,6,1,4,0,0,0,11,8,0
47,11,2,39,136,4,51,0,1,6,1,4,0,0,0,11,8,0
45,12,11,50,206,4,44,0,0,6,1,4,0,0,0,11,8,0
41,10,0,39,136,4,26,0,0,6,1,4,0,0,0,11,8,0
41,11,11,104,307,4,94,0,1,6,1,4,0,0,0,11,8,0
41,9,11,39,136,4,106,0,0,6,1,4,0,0,0,11,8,0
39,5,6,61,242,4,59,0,1,6,1,4,0,5,0,11,8,0
48,12,11,61,242,4,67,0,1,6,1,4,0,0,0,11,8,0
47,12,11,50,206,4,100,0,1,6,1,4,0,0,0,11,8,0
41,12,11,39,136,4,58,0,1,6,1,4,0,0,0,11,8,0
45,0,2,61,242,4,43,1,1,6,1,4,0,2,0,11,8,1
47,12,11,39,136,4,64,0,1,6,1,4,0,0,0,11,8,0
44,5,6,39,136,4,18,0,1,6,1,4,3,0,0,11,8,0
46,8,11,61,242,4,42,3,1,6,1,4,0,0,0,11,8,0
43,11,11,61,242,4,106,0,1,6,1,4,0,0,0,11,8,0
44,12,11,89,298,4,54,0,1,6,1,4,0,0,0,11,8,0
45,12,10,127,332,4,51,0,1,12,1,4,3,0,0,11,8,0
47,12,0,39,136,4,51,0,1,6,1,4,0,0,0,11,8,0
43,12,2,61,242,4,51,0,1,6,1,4,0,0,0,11,8,0
41,10,11,61,242,4,54,0,1,6,1,4,0,0,0,11,8,0
40,12,11,141,347,4,100,0,1,6,1,4,0,0,0,11,8,0
41,10,6,104,307,4,67,0,1,6,1,4,0,0,0,11,8,0
43,12,11,39,136,4,42,0,1,6,1,4,0,0,0,11,8,0
46,12,11,61,242,4,28,0,1,6,1,4,0,0,0,11,8,0
47,12,11,50,206,4,67,0,0,6,1,4,0,0,0,11,8,0
42,12,11,39,136,4,53,0,1,6,1,4,3,0,0,11,8,0
41,12,2,73,274,4,42,0,1,6,1,4,3,0,0,11,8,0
44,12,0,61,242,4,34,0,1,6,1,4,0,0,0,11,8,0
44,5,11,141,347,4,109,0,1,9,1,4,3,0,0,11,8,0
44,11,11,61,242,4,67,0,1,6,1,4,3,0,0,11,8,0
45,10,2,61,242,4,53,0,1,6,1,4,3,0,0,11,8,0
46,12,11,61,242,4,100,0,1,6,1,4,0,0,0,11,8,0
47,8,11,86,292,4,67,1,1,6,1,4,3,0,0,11,8,0
48,10,11,61,242,4,78,0,1,6,1,4,0,0,0,11,8,0
41,5,6,39,136,4,5,0,1,6,1,4,3,0,0,11,8,0
43,12,11,61,242,4,83,0,1,6,1,4,0,0,0,11,8,0
42,5,6,50,206,4,36,0,1,6,1,4,3,0,0,11,8,0
45,12,11,61,242,4,106,0,1,6,1,4,0,0,0,11,8,0
42,12,11,61,242,4,67,0,1,6,1,4,0,0,0,11,8,0
45,10,0,104,307,4,108,0,1,6,1,4,3,0,0,11,8,0
46,12,0,61,242,4,42,0,1,6,1,4,0,2,0,11,8,0
39,1,2,61,242,4,67,0,1,6,1,4,3,0,0,11,8,0
46,12,0,39,136,4,51,0,1,6,1,4,0,0,0,11,8,0
46,12,11,39,136,4,54,0,1,6,1,4,0,0,0,11,8,0
46,11,2,104,307,4,108,0,1,6,1,4,3,0,0,11,8,0
39,12,11,61,242,4,51,0,1,14,1,4,3,0,0,11,8,0
43,12,3,104,307,4,119,0,1,6,1,4,0,0,0,11,8,0
42,12,2,61,242,4,57,0,1,6,1,4,3,0,0,11,8,0
45,12,11,61,242,4,67,0,1,6,1,4,0,0,0,11,8,0
43,1,2,61,242,4,59,0,1,6,1,4,0,0,0,11,8,0
42,12,11,50,206,4,53,0,1,6,1,4,0,0,0,11,8,0
41,12,11,104,307,4,68,0,1,6,1,4,0,0,0,11,8,0
39,12,11,39,136,4,85,0,1,6,1,4,0,0,0,11,8,0
44,12,11,39,136,4,44,0,1,6,1,4,0,0,0,11,8,0
42,12,11,104,307,4,109,0,1,6,1,4,0,0,0,11,8,0
47,0,11,50,206,4,131,0,1,6,1,4,0,0,0,11,8,0
47,12,0,39,136,4,36,0,1,6,1,4,0,2,0,11,8,0
40,10,11,50,206,4,94,0,1,6,1,4,0,0,0,11,8,0
46,10,11,73,274,4,67,0,1,6,1,4,0,0,0,11,8,0
46,12,2,60,238,4,51,0,1,6,1,4,3,0,0,11,8,0
47,12,11,61,242,4,119,0,1,6,1,4,0,0,0,11,8,0
39,10,2,39,136,4,42,0,1,6,1,4,0,5,0,11,8,0
39,12,11,61,242,4,51,0,1,6,1,4,0,0,0,11,8,0
47,11,11,104,307,4,108,0,1,6,1,4,0,0,0,11,8,0
46,10,11,39,136,4,102,0,0,6,1,4,0,0,0,11,8,0
45,1,2,61,242,4,108,0,1,12,1,4,3,0,0,11,8,0
47,12,11,61,242,4,67,0,1,6,1,4,0,0,0,11,8,0
39,12,11,39,136,4,78,0,0,6,1,4,0,0,0,11,8,0
44,1,10,61,242,4,42,0,0,6,1,4,3,0,0,11,8,0
42,5,0,60,238,4,26,0,1,6,1,4,3,0,0,11,8,0
48,8,11,50,206,4,60,1,1,9,1,4,3,0,0,11,8,0
45,11,11,39,136,4,51,0,0,6,1,4,0,0,0,11,8,0
46,11,11,61,242,4,67,0,0,6,1,4,0,0,0,11,8,0
34,6,0,61,242,4,44,1,1,6,1,4,0,0,0,11,8,0
46,11,11,96,301,4,131,0,1,9,1,4,3,0,0,11,8,0
13,6,0,26,45,4,10,1,1,9,1,3,3,0,0,11,8,1
25,12,2,61,112,4,26,0,1,18,1,3,3,0,0,11,8,0
35,12,2,27,59,0,15,0,1,9,1,3,3,0,0,11,8,0
39,12,2,24,152,4,36,0,1,9,1,3,3,0,0,11,8,0
40,12,11,37,221,4,76,0,1,9,1,3,0,0,0,11,8,0
41,10,2,104,335,4,188,0,1,9,1,3,3,0,0,11,8,0
37,1,10,7,21,4,26,0,0,7,1,3,3,0,0,11,8,0
21,1,11,141,323,4,59,0,1,14,1,3,3,0,0,11,8,0
30,10,2,39,41,4,59,0,1,15,1,3,3,0,0,11,8,0
53,12,9,55,321,4,59,0,0,9,1,3,0,0,0,11,8,0
50,12,11,11,103,4,85,0,0,9,1,3,0,0,0,11,8,0
47,11,11,23,182,4,92,0,1,9,1,3,0,0,0,11,8,0
48,10,11,9,77,4,85,0,0,9,1,3,0,0,0,11,8,0
45,12,11,7,51,4,36,0,1,9,1,3,0,0,0,11,8,0
48,10,11,39,277,4,100,0,0,9,1,3,3,0,0,11,8,0
42,12,11,18,141,4,15,0,1,9,1,3,0,0,0,11,8,0
52,1,11,39,284,0,79,0,0,9,1,3,3,0,0,11,8,1
50,12,11,61,316,4,67,0,0,9,1,3,3,0,0,11,8,0
50,10,2,61,319,0,67,0,0,9,1,3,3,0,0,11,8,0
47,5,6,39,273,4,54,0,0,9,1,3,3,0,0,11,8,0
53,12,9,100,356,4,131,0,0,9,1,3,3,0,0,11,8,0
51,10,0,10,96,4,36,0,0,9,1,3,0,7,0,11,8,1
53,12,9,7,81,4,67,0,0,9,1,3,0,0,0,11,8,0
42,12,11,73,131,4,59,0,1,4,1,3,0,0,0,11,8,0
38,12,11,65,53,4,85,0,1,4,1,3,0,0,0,11,8,0
23,12,11,127,75,4,30,0,1,4,1,3,0,0,0,11,8,0
43,12,11,104,202,4,88,0,0,4,1,3,3,0,0,11,8,0
38,11,11,70,66,4,51,0,1,4,1,3,0,0,0,11,8,0
42,12,11,64,50,4,26,0,1,4,1,3,0,0,0,11,8,0
44,12,11,104,265,4,67,0,0,4,1,3,0,0,0,11,8,0
46,10,11,61,87,4,89,0,0,4,1,3,0,0,0,11,8,0
27,12,2,104,15,4,56,0,1,9,1,3,3,0,0,11,8,0
45,10,11,61,128,4,54,0,0,4,1,3,0,0,0,11,8,0
20,12,11,70,11,4,59,0,1,4,1,3,0,0,0,11,8,0
45,12,11,77,194,4,53,0,0,4,1,3,0,0,0,11,8,0
45,1,11,61,128,4,47,3,1,4,1,3,0,0,0,11,8,1
39,12,11,61,60,4,44,0,1,4,1,3,0,0,0,11,8,0
45,10,11,77,194,4,88,0,0,4,1,3,0,0,0,11,8,0
36,12,11,61,25,4,67,0,1,4,1,3,0,0,0,11,8,0
46,12,11,61,150,4,67,0,1,4,1,3,0,0,0,11,8,0
46,11,11,115,288,4,103,0,0,4,1,3,0,0,0,11,8,0
45,12,11,104,270,4,85,0,0,4,1,3,0,0,0,11,8,0
38,10,11,80,97,4,67,0,1,4,1,3,0,0,0,11,8,0
39,12,11,61,60,4,100,0,1,4,1,3,0,0,0,11,8,0
46,12,11,86,228,4,85,0,0,4,1,3,0,0,0,11,8,0
36,12,11,94,151,4,106,0,0,4,1,3,0,0,0,11,8,0
40,12,7,73,107,4,67,0,1,4,1,3,0,0,0,11,8,0
47,1,11,61,166,4,103,0,1,4,1,3,0,0,0,11,8,0
45,12,11,108,164,4,106,0,0,14,1,3,0,0,0,11,8,0
19,2,11,134,89,4,59,1,1,4,1,3,0,0,0,11,8,1
42,12,11,104,230,4,128,0,1,4,1,3,0,0,0,11,8,0
44,12,11,104,265,4,100,0,0,4,1,3,0,0,0,11,8,0
44,12,11,89,223,4,85,0,0,4,1,3,0,0,0,11,8,0
51,12,11,61,207,4,100,0,0,4,1,3,0,0,0,11,8,0
31,5,11,108,88,4,48,0,1,4,1,3,0,0,0,11,8,0
39,12,11,113,232,4,119,0,0,4,1,3,0,0,0,11,8,0
47,12,11,74,209,4,83,0,0,4,1,3,0,0,0,11,8,0
39,11,11,61,60,4,42,0,1,4,1,3,0,0,0,11,8,0
43,12,11,73,153,4,106,0,1,4,1,3,0,0,0,11,8,0
38,12,11,104,186,4,67,0,1,4,1,3,0,0,0,11,8,0
43,12,11,82,190,4,67,0,0,4,1,3,0,0,0,11,8,0
45,12,11,61,128,4,67,0,1,4,1,3,0,0,0,11,8,0
51,12,11,66,219,4,67,0,0,4,1,3,0,0,0,11,8,0
44,12,11,126,281,4,106,0,0,4,1,3,0,0,0,11,8,0
45,12,11,61,145,0,85,0,1,4,1,3,3,0,0,11,8,0
49,11,11,72,61,4,83,0,0,13,1,3,3,0,0,11,8,0
41,12,11,104,226,4,83,0,0,4,1,3,0,0,0,11,8,0
45,10,11,73,176,4,94,0,0,4,1,3,0,0,0,11,8,0
45,12,11,61,38,4,67,0,0,9,1,3,0,0,0,11,8,0
48,11,11,61,178,4,100,0,0,4,1,3,0,0,0,11,8,0
36,12,11,77,70,4,92,0,1,4,1,3,0,0,0,11,8,0
44,12,11,82,198,4,54,0,0,4,1,3,0,0,0,11,8,0
41,12,11,94,157,4,67,0,1,4,1,3,0,0,0,11,8,0
46,10,11,61,150,4,51,0,1,4,1,3,0,0,0,11,8,0
42,12,11,73,131,4,67,0,0,4,1,3,0,0,0,11,8,0
44,12,11,81,62,4,81,0,0,12,1,3,0,0,0,11,8,0
37,5,11,75,73,4,67,0,1,4,1,3,0,0,0,11,8,0
44,12,11,61,69,4,88,0,1,4,1,3,1,0,0,11,8,0
46,12,11,61,40,4,83,0,1,9,1,3,0,0,0,11,8,0
48,10,11,61,175,4,67,0,1,4,1,3,0,0,0,11,8,0
48,12,11,61,175,4,67,0,1,4,1,3,0,0,0,11,8,0
50,12,11,61,125,4,51,0,0,4,1,3,0,0,0,11,8,0
43,12,11,61,108,4,92,0,0,4,1,3,0,0,0,11,8,0
41,12,11,104,226,4,62,0,0,4,1,3,0,0,0,11,8,0
39,12,11,82,121,4,85,0,1,4,1,3,3,0,0,11,8,0
33,11,11,104,102,4,67,0,1,4,1,3,0,0,0,11,8,0
42,11,11,104,243,4,67,0,1,4,1,3,0,0,0,11,8,0
41,11,11,73,115,4,59,0,1,4,1,3,0,0,0,11,8,0
41,12,11,89,195,4,85,0,1,4,1,3,0,0,0,11,8,0
51,1,11,104,280,0,79,0,0,4,1,3,3,0,0,11,8,1
49,11,11,69,139,4,67,0,0,4,1,3,0,0,0,11,8,0
45,11,11,61,142,4,92,0,0,4,1,3,0,0,0,11,8,0
43,1,11,89,214,4,59,0,1,4,1,3,0,0,0,11,8,0
51,12,11,61,116,4,100,0,0,9,1,3,0,0,0,11,8,0
46,12,11,61,150,4,53,0,1,4,1,3,0,0,0,11,8,0
33,10,11,130,204,4,59,0,1,4,1,3,0,0,0,11,8,0
39,10,2,98,42,0,51,0,1,20,1,3,3,0,0,11,8,0
46,11,11,61,160,4,96,0,0,4,1,3,0,0,0,11,8,0
48,10,11,89,267,4,106,0,0,4,1,3,0,0,0,11,8,0
49,12,11,66,129,4,100,0,0,4,1,3,0,0,0,11,8,0
50,12,11,64,203,4,59,0,0,4,1,3,0,0,0,11,8,0
46,12,11,89,247,4,85,0,0,4,1,3,0,0,0,11,8,0
44,12,11,61,122,4,67,0,0,4,1,3,0,0,0,11,8,0
49,12,11,61,115,4,90,0,0,4,1,3,0,0,0,11,8,0
33,12,11,93,90,4,92,0,0,4,1,3,0,0,0,11,8,0
44,12,11,104,180,1,89,0,0,17,1,3,3,0,0,11,8,0
47,5,11,61,54,4,92,0,1,14,1,3,3,0,0,11,8,0
45,12,11,61,74,4,54,0,1,4,1,3,0,0,0,11,8,0
43,12,11,73,153,4,76,0,1,4,1,3,0,0,0,11,8,0
49,10,11,61,181,4,108,0,0,4,1,3,0,0,0,11,8,0
42,11,11,104,230,4,67,0,1,4,1,3,0,0,0,11,8,0
40,12,11,110,239,4,119,0,0,4,1,3,0,0,0,11,8,0
41,12,11,78,144,4,67,0,0,4,1,3,0,0,0,11,8,0
44,10,10,61,114,4,85,0,1,4,1,3,3,0,0,11,8,0
47,12,11,61,91,4,64,0,1,4,1,3,3,0,0,11,8,0
45,12,11,82,218,4,83,0,0,4,1,3,0,0,0,11,8,0
45,11,11,73,176,4,83,0,0,4,1,3,0,0,0,11,8,0
40,11,11,82,140,4,44,0,0,4,1,3,0,0,0,11,8,0
43,1,11,61,108,4,67,0,1,4,1,3,0,0,0,11,8,0
47,12,11,97,275,4,108,0,0,4,1,3,0,0,0,11,8,0
48,12,11,85,244,4,76,0,0,4,1,3,0,0,0,11,8,0
42,12,11,89,199,4,82,0,1,4,1,3,0,0,0,11,8,0
45,12,11,61,128,4,70,0,0,4,1,3,0,0,0,11,8,0
39,12,11,61,60,4,167,0,1,4,1,3,0,0,0,11,8,0
47,12,11,70,179,4,67,0,0,4,1,3,0,0,0,11,8,0
41,12,11,61,76,4,51,0,1,4,1,3,0,0,0,11,8,0
48,12,11,61,175,4,85,0,1,4,1,3,0,0,0,11,8,0
47,12,11,61,166,4,76,0,1,4,1,3,0,0,0,11,8,0
46,12,11,61,150,4,64,0,0,4,1,3,0,0,0,11,8,0
39,12,11,89,159,4,26,0,1,4,1,3,0,0,0,11,8,0
48,12,11,61,175,4,59,0,1,4,1,3,0,0,0,11,8,0
45,10,11,104,270,4,119,0,0,4,1,3,0,0,0,11,8,0
41,12,11,82,171,4,85,0,1,4,1,3,0,0,0,11,8,0
47,10,11,61,172,0,78,0,0,4,1,3,0,0,0,11,8,0
49,12,11,61,181,4,76,0,0,4,1,3,0,0,0,11,8,0
40,12,11,89,173,4,76,0,1,4,1,3,0,0,0,11,8,0
42,12,11,94,222,4,67,0,1,4,1,3,0,0,0,11,8,0
43,12,11,104,248,4,94,0,1,4,1,3,0,0,0,11,8,0
50,12,11,61,125,4,53,0,0,4,1,3,0,0,0,11,8,0
46,10,11,104,278,4,67,0,0,4,1,3,0,0,0,11,8,0
41,12,11,94,212,4,26,0,1,4,1,3,0,0,0,11,8,0
43,1,11,68,118,4,64,0,1,4,1,3,0,0,0,11,8,0
40,12,11,61,71,4,67,0,1,4,1,3,0,0,0,11,8,0
48,10,11,61,111,4,67,0,1,4,1,3,0,0,0,11,8,0
44,12,11,89,223,4,101,0,0,4,1,3,0,0,0,11,8,0
39,11,11,61,60,4,59,0,1,4,1,3,0,0,0,11,8,0
50,12,11,61,125,4,67,0,0,4,1,3,0,0,0,11,8,0
49,12,11,61,181,4,88,0,0,4,1,3,0,0,0,11,8,0
47,12,11,61,166,4,94,0,1,4,1,3,0,0,0,11,8,0
41,12,11,70,99,4,42,0,1,4,1,3,0,0,0,11,8,0
44,12,11,61,68,4,67,0,1,4,1,3,3,0,0,11,8,0
40,11,11,108,229,4,92,0,1,4,1,3,0,0,0,11,8,0
39,10,11,61,60,4,59,0,1,4,1,3,0,0,0,11,8,0
47,12,11,61,166,4,67,0,1,4,1,3,0,0,0,11,8,0
43,12,11,82,184,4,59,0,1,4,1,3,0,0,0,11,8,0
39,12,11,86,134,4,67,0,1,4,1,3,0,0,0,11,8,0
52,12,0,147,346,4,51,0,0,10,1,3,0,7,0,11,8,1
45,12,11,94,123,4,85,0,0,9,1,3,0,0,0,11,8,0
51,12,11,67,137,4,67,0,0,5,1,3,0,0,0,11,8,0
49,12,11,70,144,4,59,0,0,4,1,3,0,0,0,11,8,0
45,12,11,71,174,4,77,0,0,4,1,3,0,0,0,11,8,0
52,10,11,114,308,4,148,0,0,4,1,3,0,0,0,11,8,0
47,12,11,61,166,4,44,0,0,4,1,3,0,0,0,11,8,0
50,11,11,61,193,4,94,0,0,4,1,3,0,0,0,11,8,0
54,12,2,108,272,4,122,0,0,8,1,3,0,0,0,11,8,0
43,12,11,73,153,4,67,0,1,4,1,3,0,0,0,11,8,0
42,12,11,62,94,4,64,0,1,4,1,3,0,0,0,11,8,0
45,12,11,61,128,4,94,0,1,4,1,3,0,0,0,11,8,0
48,12,11,61,178,4,89,0,0,4,1,3,0,0,0,11,8,0
50,12,11,61,193,4,99,0,0,4,1,3,0,0,0,11,8,0
41,10,11,94,212,4,67,0,0,4,1,3,0,0,0,11,8,0
48,12,11,61,175,4,67,0,0,4,1,3,0,0,0,11,8,0
41,11,11,61,79,4,85,0,1,4,1,3,0,0,0,11,8,0
43,12,11,73,153,4,54,0,1,4,1,3,0,0,0,11,8,0
53,12,11,70,234,4,67,0,0,4,1,3,0,0,0,11,8,0
43,12,11,82,184,4,104,0,1,4,1,3,0,0,0,11,8,0
41,12,11,82,163,4,85,0,1,4,1,3,0,0,0,11,8,0
44,12,11,61,114,4,106,0,1,4,1,3,0,0,0,11,8,0
41,12,11,109,245,4,42,0,1,4,1,3,0,0,0,11,8,0
44,12,11,86,213,4,83,0,0,4,1,3,0,0,0,11,8,0
44,12,11,77,188,4,67,0,0,4,1,3,0,0,0,11,8,0
44,12,11,70,143,4,99,0,0,4,1,3,0,0,0,11,8,0
42,12,11,79,93,4,51,0,0,4,1,3,0,0,0,11,8,0
48,12,11,61,175,4,76,0,0,4,1,3,0,0,0,11,8,0
44,12,11,61,158,4,67,0,0,4,1,3,0,0,0,11,8,0
39,10,11,61,60,4,45,0,1,4,1,3,0,0,0,11,8,0
49,12,11,82,246,4,67,0,0,4,1,3,0,2,0,11,8,0
49,12,11,145,336,4,124,0,0,9,1,3,0,0,0,11,8,0
42,12,11,127,290,4,108,0,0,4,1,3,0,0,0,11,8,0
41,11,11,123,240,4,115,0,0,4,1,3,0,0,0,11,8,0
35,12,8,104,28,4,85,0,1,21,1,3,3,0,0,11,8,0
45,11,11,74,183,4,71,0,0,4,1,3,0,0,0,11,8,0
40,11,11,73,107,4,78,0,1,4,1,3,0,0,0,11,8,0
43,12,11,116,235,4,106,0,0,9,1,3,0,0,0,11,8,0
41,12,11,89,185,4,41,0,1,4,1,3,0,0,0,11,8,0
43,10,11,104,248,4,64,0,1,4,1,3,0,0,0,11,8,0
44,12,11,89,223,4,148,0,0,4,1,3,0,0,0,11,8,0
48,12,11,61,111,4,61,0,1,4,1,3,0,0,0,11,8,0
41,12,11,86,117,4,67,0,1,4,1,3,0,0,0,11,8,0
39,9,11,61,60,4,51,1,1,4,1,3,0,0,0,11,8,0
50,12,11,104,294,4,128,0,0,4,1,3,0,0,0,11,8,0
41,11,11,108,236,4,78,0,1,4,1,3,0,0,0,11,8,0
48,10,11,70,200,4,115,0,0,4,1,3,0,0,0,11,8,0
42,12,11,70,119,4,92,0,0,4,1,3,0,0,0,11,8,0
43,12,11,89,214,4,67,0,1,4,1,3,0,2,0,11,8,0
43,12,11,89,214,4,67,0,0,4,1,3,0,0,0,11,8,0
49,12,11,61,181,4,85,0,0,4,1,3,0,0,0,11,8,0
40,12,11,82,140,4,53,0,1,4,1,3,0,0,0,11,8,0
41,12,11,115,264,4,114,0,1,4,1,3,0,0,0,11,8,0
47,12,11,61,166,4,36,0,1,4,1,3,0,0,0,11,8,0
42,12,11,61,86,4,59,0,1,4,1,3,0,0,0,11,8,0
49,11,11,61,115,4,51,0,0,4,1,3,0,0,0,11,8,0
45,12,11,163,386,0,119,0,0,4,1,4,3,0,0,11,8,1
32,12,11,163,386,4,147,0,1,4,1,4,0,0,0,11,8,0
35,11,2,181,405,4,168,0,0,4,1,4,0,0,5,4,8,1
41,12,11,14,49,4,59,0,0,7,1,3,0,0,0,11,8,0
38,10,11,11,39,4,42,0,1,9,1,3,0,0,0,11,8,0
36,12,11,50,98,4,67,0,1,14,1,3,0,0,0,11,8,0
29,12,2,44,63,4,15,0,1,14,1,3,3,0,0,11,8,0
39,12,0,10,48,4,15,0,1,6,1,3,0,1,0,11,8,0
42,12,2,29,82,0,9,0,1,9,1,3,3,0,0,11,8,0
38,10,2,104,282,4,27,0,1,14,1,3,3,0,0,11,8,0
42,10,0,19,109,4,5,0,1,9,1,3,3,0,0,11,8,0
32,10,2,24,27,4,13,0,1,14,1,3,3,0,0,11,8,0
40,10,2,34,106,0,16,0,1,9,1,3,3,0,0,11,8,0
30,12,2,54,120,0,14,0,1,14,1,3,3,0,0,11,8,0
42,12,11,83,325,4,70,0,1,6,1,3,0,0,0,11,8,0
42,12,0,21,138,4,36,0,1,6,1,3,0,7,0,11,8,1
39,12,11,39,130,4,51,0,1,9,1,3,0,0,0,11,8,0
40,12,11,46,258,4,59,0,1,6,1,3,0,0,0,11,8,0
42,10,6,56,297,4,36,0,1,6,1,3,0,0,0,11,8,0
39,12,0,25,147,4,26,0,1,6,1,3,0,3,0,11,8,0
53,12,2,104,37,4,122,0,1,9,1,0,3,0,0,11,8,1
48,10,11,104,5,4,100,0,1,0,1,0,3,0,0,11,8,0
29,12,2,165,29,4,26,0,0,9,1,3,1,0,0,11,8,0
37,12,11,155,149,4,119,0,0,21,1,3,3,0,0,11,8,0
41,12,11,142,64,4,59,0,0,9,1,3,0,0,0,11,8,0
36,5,11,165,80,0,100,0,0,14,1,3,3,0,0,11,8,1
49,12,11,141,205,4,119,0,0,9,1,3,0,0,0,11,8,0
46,12,11,141,148,4,42,0,0,9,1,3,0,0,0,11,8,0
46,10,11,141,187,4,33,0,0,14,1,3,1,0,0,11,8,0
38,10,11,142,35,4,42,0,1,9,1,3,0,0,0,11,8,0
52,12,11,147,254,4,76,0,0,4,1,3,3,0,0,11,8,0
45,12,11,141,78,4,119,0,0,4,1,3,3,0,0,11,8,0
46,12,2,57,231,1,36,0,1,4,1,4,3,0,0,11,8,1
39,12,11,73,274,1,67,0,1,4,1,4,3,0,0,11,8,0
41,1,11,39,255,4,67,0,1,6,1,3,0,0,0,11,8,0
32,10,11,91,318,4,83,0,1,9,1,3,0,0,0,11,8,0
47,12,11,35,255,4,124,0,1,6,1,3,0,0,0,11,8,0
46,12,11,35,255,4,41,0,1,6,1,3,0,0,0,11,8,0
41,12,11,39,255,4,67,0,1,6,1,3,0,0,0,11,8,0
29,12,11,111,341,4,94,0,1,6,1,3,0,0,0,11,8,0
38,12,11,48,251,4,103,0,1,9,1,3,0,0,0,11,8,0
38,11,10,87,318,4,75,0,1,9,1,3,0,0,0,11,8,0
49,5,11,32,255,4,74,0,0,6,1,3,0,0,0,11,8,0
36,10,2,87,318,4,70,0,1,9,1,3,0,0,0,11,8,0
52,12,9,40,255,4,83,0,0,9,1,3,0,0,0,11,8,0
53,12,10,53,309,4,67,0,0,9,1,3,0,0,0,11,8,0
46,12,11,140,365,4,119,0,0,9,1,3,0,0,0,11,8,0
53,12,9,99,351,4,85,0,0,6,1,3,0,0,0,11,8,0
50,12,2,40,255,4,67,0,0,9,1,3,3,0,0,11,8,0
48,12,11,35,255,4,85,0,0,6,1,3,0,0,0,11,8,0
53,12,9,40,255,4,61,0,1,9,1,3,0,0,0,11,8,0
53,11,9,57,318,4,92,0,0,6,1,3,0,0,0,11,8,0
48,10,11,35,255,4,38,0,1,6,1,3,0,0,0,11,8,0
48,12,11,45,255,4,106,0,1,9,1,3,0,0,0,11,8,0
42,12,2,48,255,4,51,0,1,9,1,3,0,0,0,11,8,0
43,12,11,48,255,4,85,0,1,9,1,3,0,0,0,11,8,0
48,11,11,82,318,4,67,0,1,9,1,3,0,0,0,11,8,0
39,12,0,48,255,4,44,0,1,9,1,3,0,7,0,11,8,0
53,12,9,115,361,4,142,0,0,6,1,3,0,0,0,11,8,0
50,12,10,75,318,4,51,0,0,9,1,3,0,0,0,11,8,0
53,12,2,40,255,4,47,0,0,9,1,3,0,5,0,11,8,0
44,12,11,38,266,4,75,0,1,6,1,3,0,0,0,11,8,0
52,10,11,99,351,4,148,0,0,6,1,3,0,0,0,11,8,0
49,11,11,40,255,4,90,0,0,9,1,3,0,0,0,11,8,0
53,12,9,84,337,4,108,0,0,6,1,3,0,0,0,11,8,0
50,10,11,57,318,4,85,3,0,6,1,3,0,0,0,11,8,0
53,4,9,40,255,4,44,3,0,9,1,3,1,0,0,11,8,1
41,12,10,48,255,4,51,0,1,9,1,3,0,0,0,11,8,0
46,12,11,45,255,4,67,0,1,9,1,3,0,0,0,11,8,0
44,12,11,35,255,4,104,0,1,6,1,3,0,0,0,11,8,0
52,10,9,75,318,4,83,0,0,9,1,3,0,0,0,11,8,0
53,12,9,40,255,4,44,0,0,9,1,3,0,0,0,11,8,0
44,10,11,35,255,4,94,0,1,6,1,3,0,0,0,11,8,0
42,10,11,48,255,4,106,0,1,9,1,3,0,0,0,11,8,0
40,12,11,39,263,1,51,0,1,6,1,3,0,0,0,11,8,0
46,10,11,45,255,4,119,0,1,9,1,3,0,0,0,11,8,0
42,12,11,48,255,4,103,0,1,9,1,3,0,0,0,11,8,0
53,12,9,75,318,4,54,0,0,9,1,3,0,0,0,11,8,0
46,10,11,45,255,4,75,0,1,9,1,3,0,0,0,11,8,0
51,10,11,53,289,4,53,3,0,9,1,3,0,0,0,11,8,0
51,12,11,40,255,4,106,0,0,9,1,3,0,0,0,11,8,0
47,12,11,45,255,4,67,0,1,9,1,3,0,0,0,11,8,0
46,11,11,49,276,4,106,0,0,9,1,3,0,0,0,11,8,0
49,12,11,40,255,4,53,0,0,9,1,3,0,0,0,11,8,0
47,12,11,45,255,4,67,0,1,9,1,3,0,0,0,11,8,0
53,11,9,95,333,4,83,0,0,9,1,3,0,0,0,11,8,0
49,11,11,40,255,4,53,0,0,9,1,3,0,0,0,11,8,0
40,11,0,48,255,4,33,0,1,9,1,3,0,0,0,11,8,0
35,11,6,48,255,4,7,0,1,9,1,3,0,0,0,11,8,0
52,11,11,75,318,4,67,0,0,9,1,3,0,0,0,11,8,0
35,11,11,48,255,4,83,0,1,9,1,3,0,0,0,11,8,0
45,12,11,128,92,4,95,0,0,0,1,3,0,0,0,11,8,0
34,12,11,104,17,4,36,0,1,4,1,3,0,0,0,11,8,0
43,12,11,61,6,4,67,0,0,0,1,3,0,0,0,11,8,0
49,10,11,98,44,4,67,0,0,0,1,3,0,0,0,11,8,0
50,10,11,61,201,3,59,0,0,0,1,3,3,0,0,11,8,0
46,10,11,107,315,4,67,0,0,19,1,3,0,0,0,11,8,0
52,5,0,108,318,4,75,0,0,19,1,3,3,0,0,11,8,0
52,10,2,105,313,4,119,0,0,19,1,3,0,0,0,11,8,0
33,10,11,108,318,4,83,0,1,22,1,3,0,0,0,11,8,0
49,11,11,70,263,1,83,0,0,16,1,3,3,0,0,11,8,0
46,12,11,70,255,4,53,0,0,19,1,3,0,0,0,11,8,0
48,12,2,70,255,4,73,0,0,19,1,3,0,0,0,11,8,0
35,11,11,143,351,4,113,0,0,26,1,3,3,0,0,5,8,0
35,11,11,143,351,4,139,0,0,26,1,3,3,0,0,5,8,0
47,10,0,102,302,4,36,0,1,17,1,3,3,0,0,11,8,0
46,11,2,70,255,4,54,0,1,19,1,3,3,0,0,11,8,0
29,12,2,70,255,4,108,0,1,19,1,3,0,0,0,11,8,0
44,10,11,139,341,4,83,0,1,22,1,3,3,0,0,11,8,0
48,12,11,122,327,4,108,0,1,19,1,3,0,0,0,11,8,0
43,10,0,70,255,4,36,0,0,26,1,3,3,0,0,11,8,0
48,1,11,105,310,4,106,0,0,19,1,3,0,0,0,11,8,0
46,12,0,70,255,4,67,0,1,19,1,3,0,0,0,11,8,0
52,12,11,70,255,4,116,0,0,16,1,3,0,0,0,11,8,0
41,12,11,70,255,4,89,0,0,16,1,3,0,0,0,11,8,0
49,10,0,70,255,4,26,0,0,16,1,3,0,0,0,11,8,0
51,12,9,108,318,4,51,0,0,26,1,3,3,0,0,11,8,0
45,11,2,70,255,4,53,0,0,19,1,3,3,0,0,11,8,0
45,12,0,70,255,4,67,0,1,19,1,3,0,0,0,11,8,0
44,11,11,70,255,4,119,0,1,19,1,3,3,0,0,11,8,0
48,10,0,70,255,4,51,0,1,26,1,3,0,7,0,11,8,1
47,12,2,108,318,4,42,0,1,19,1,3,3,0,0,11,8,0
42,12,11,70,255,4,92,0,1,16,1,3,0,0,0,11,8,0
40,12,10,70,255,4,32,0,1,19,1,3,3,0,0,11,8,0
50,12,0,70,255,4,47,0,0,19,1,3,3,0,0,11,8,0
46,10,2,143,351,4,67,0,1,26,1,3,3,0,0,11,8,0
42,10,11,70,255,4,103,0,1,16,1,3,0,0,0,11,8,0
39,12,0,70,255,4,42,0,1,19,1,3,0,0,0,11,8,0
49,12,11,70,255,4,85,0,0,19,1,3,0,0,0,11,8,0
48,12,11,70,255,4,70,0,1,19,1,3,0,0,0,11,8,0
46,10,11,70,255,4,94,0,1,19,1,3,3,0,0,11,8,0
49,10,8,70,255,4,36,0,0,19,1,3,3,0,0,11,8,0
47,10,11,70,255,4,107,0,1,19,1,3,0,0,0,11,8,0
44,12,2,70,255,4,51,0,1,19,1,3,3,0,0,11,8,0
50,12,11,108,318,4,100,0,0,19,1,3,0,0,0,11,8,0
40,12,11,70,255,4,55,0,1,16,1,3,0,0,0,11,8,0
47,9,2,70,255,4,36,1,1,22,1,3,3,0,0,11,8,0
42,12,0,70,255,4,54,0,1,19,1,3,0,0,0,11,8,0
53,12,9,70,255,4,85,0,0,26,1,3,0,0,0,11,8,0
38,12,2,121,328,1,53,0,1,26,1,3,3,0,0,11,8,0
45,12,11,70,255,4,63,0,1,16,1,3,0,0,0,11,8,0
35,11,9,70,255,4,100,0,0,16,1,3,0,0,0,11,8,0
43,12,11,70,255,4,59,0,1,19,1,3,0,0,0,11,8,0
47,12,0,70,255,4,26,0,1,19,1,3,0,0,0,11,8,0
53,11,10,70,255,4,51,0,0,19,1,3,3,0,0,11,8,0
39,11,2,70,255,4,36,0,1,19,1,3,3,0,0,11,8,0
49,10,11,70,255,4,85,0,0,19,1,3,0,0,0,11,8,0
47,10,6,70,255,4,76,0,1,19,1,3,3,0,0,11,8,0
44,10,2,70,255,4,51,3,1,19,1,3,3,0,0,11,8,0
50,11,2,70,255,4,51,0,0,19,1,3,3,0,0,11,8,0
51,12,11,70,268,4,67,0,0,19,1,3,0,0,0,11,8,0
51,12,2,70,269,1,51,0,0,19,1,3,3,0,0,11,8,0
53,12,9,108,318,4,67,0,0,19,1,3,0,0,0,11,8,0
50,12,2,108,318,4,106,0,0,19,1,3,3,0,0,11,8,0
45,12,2,131,337,4,67,0,1,19,1,3,3,0,0,11,8,0
36,10,2,70,262,0,51,0,1,19,1,3,3,0,0,11,8,0
51,12,9,143,351,4,117,0,0,26,1,3,3,0,0,11,8,0
44,11,11,70,255,4,100,0,1,16,1,3,0,0,0,11,8,0
52,10,2,102,302,4,67,0,0,26,1,3,0,0,0,11,8,0
41,12,11,70,255,4,75,0,1,16,1,3,0,1,0,11,8,0
49,11,11,70,255,4,100,0,0,19,1,3,0,0,0,11,8,0
50,11,11,143,353,4,140,0,0,26,1,3,3,0,0,11,8,0
47,1,11,70,255,4,100,0,1,16,1,3,0,0,0,11,8,0
15,6,2,70,255,4,67,0,1,19,1,3,0,0,0,11,8,0
51,10,11,70,255,4,67,3,0,26,1,3,0,0,0,11,8,1
53,12,9,108,318,4,51,0,0,16,1,3,0,0,0,11,8,0
45,12,0,108,318,4,67,0,1,19,1,3,0,0,0,11,8,0
52,11,9,70,255,4,67,0,0,19,1,3,0,0,0,11,8,0
51,10,11,70,255,4,103,0,0,19,1,3,0,5,0,11,8,0
46,11,0,70,255,4,47,0,1,16,1,3,0,5,0,11,8,1
40,11,2,70,262,0,26,0,1,26,1,3,3,0,0,11,8,1
46,12,11,70,255,4,67,0,1,16,1,3,0,0,0,11,8,0
49,12,11,70,255,4,119,0,0,19,1,3,0,0,0,11,8,0
41,11,11,90,296,4,44,0,1,16,1,3,0,0,0,11,8,0
46,12,11,108,318,4,93,0,1,19,1,3,0,0,0,11,8,0
45,12,11,108,318,4,112,0,1,16,1,3,0,0,0,11,8,0
53,12,11,108,318,4,67,0,0,19,1,3,0,0,0,11,8,0
45,10,10,70,255,4,53,0,1,19,1,3,3,0,0,11,8,0
42,12,11,70,255,4,59,0,1,19,1,3,0,0,0,11,8,0
23,11,11,0,242,4,32,0,1,4,1,2,0,0,3,15,8,0
46,12,11,50,216,4,85,0,1,31,1,3,0,0,0,11,8,0
44,12,10,39,160,0,26,0,1,33,1,3,0,0,0,11,8,1
36,12,11,50,216,4,59,0,1,37,1,3,0,0,0,11,8,0
48,11,11,61,255,4,59,0,1,30,1,3,0,0,0,11,8,0
43,0,11,61,255,4,103,1,1,34,1,3,0,0,0,11,8,1
46,12,0,39,155,4,58,0,1,31,1,3,0,5,0,11,8,1
35,6,10,147,26,4,18,1,0,21,1,1,3,0,0,11,8,1
44,10,10,23,34,4,11,0,1,8,1,3,3,0,0,11,8,0
27,12,0,8,7,2,10,0,1,14,1,3,3,0,0,11,8,0
47,10,2,7,23,1,5,0,1,4,1,3,3,0,3,0,8,1
43,12,11,20,56,4,26,0,1,4,1,3,0,0,0,11,8,0
42,12,11,45,105,2,18,0,1,10,1,3,3,0,0,11,8,0
47,12,11,19,55,4,78,0,1,4,1,3,0,0,0,11,8,0
45,12,11,12,30,4,36,0,1,4,1,3,0,6,0,11,8,0
42,10,11,7,10,4,72,0,0,9,1,3,3,0,0,11,8,0
31,12,2,89,162,4,26,0,0,18,1,3,3,0,0,11,8,0
44,12,11,26,95,4,59,0,0,4,1,3,0,0,0,11,8,0
23,11,11,5,12,4,26,0,1,4,1,3,0,0,0,11,8,0
27,12,0,54,132,4,53,0,1,11,1,3,1,0,0,11,8,0
35,11,2,52,85,1,26,0,0,16,1,3,3,0,0,11,8,0
45,10,11,34,135,4,51,0,1,4,1,3,0,0,0,11,8,0
46,10,11,17,43,4,38,0,0,4,1,3,0,0,0,11,8,0
31,12,2,77,210,4,31,0,0,14,1,3,3,0,0,11,8,0
36,11,10,58,156,0,18,0,0,14,1,3,3,0,0,11,8,0
44,12,11,13,33,4,39,0,1,4,1,3,0,0,0,11,8,0
40,10,0,61,192,4,51,0,1,9,1,3,3,0,0,11,8,0
41,11,2,11,22,4,33,0,1,9,1,3,3,0,0,11,8,0
43,12,2,17,32,4,36,0,1,9,1,3,3,0,0,11,8,0
40,10,6,45,170,4,15,0,1,9,1,3,3,0,0,11,8,0
40,12,2,82,257,4,31,0,0,9,1,3,3,0,0,11,8,0
46,10,2,24,57,4,44,0,1,6,1,3,3,0,0,11,8,0
41,12,0,26,65,4,26,0,1,9,1,3,3,0,0,11,8,0
46,1,10,32,110,4,36,0,1,5,1,3,3,0,0,11,8,0
39,12,11,86,287,2,37,0,1,9,1,3,3,0,0,11,8,0
47,10,11,36,133,4,67,0,1,5,1,3,3,0,0,11,8,0
22,0,2,104,256,4,44,1,1,14,1,3,3,0,0,11,8,1
41,11,2,89,279,0,51,0,1,11,1,3,3,0,0,11,8,0
47,12,2,160,225,4,119,0,0,19,1,3,3,0,0,11,8,0
34,10,11,104,307,4,53,0,1,10,1,4,0,0,0,11,8,0
36,10,2,61,242,4,26,0,1,8,1,4,0,0,0,11,8,0
45,1,2,62,250,4,26,0,0,7,1,4,3,0,0,11,8,0
43,12,4,127,332,4,59,0,1,4,1,4,0,0,0,11,8,0
46,12,11,133,357,4,85,0,1,6,1,4,0,0,0,11,8,0
49,10,11,137,401,3,137,0,0,4,1,4,0,0,0,11,8,0
34,11,11,162,389,4,148,0,0,1,1,3,0,0,0,11,10,0
37,11,2,101,304,4,148,0,1,4,1,2,0,0,0,11,10,0
16,6,11,141,322,4,85,1,1,11,1,2,0,0,2,1,2,1
46,12,2,0,386,4,142,0,1,4,1,4,0,0,0,11,10,0
58,10,9,0,396,4,158,0,1,4,1,4,0,0,0,11,10,0
58,12,9,0,382,4,1,0,1,4,1,4,0,0,0,11,9,0
47,10,6,0,396,4,153,0,1,4,1,4,0,0,0,11,10,0
52,12,9,0,400,4,137,0,1,4,1,4,0,0,0,11,2,0
50,5,9,0,285,4,59,0,1,4,1,4,0,0,2,1,6,0
38,10,11,0,404,4,83,0,1,4,1,4,0,0,3,15,2,0
24,5,6,0,347,4,103,0,1,4,1,4,0,0,0,11,2,0
50,11,9,0,364,4,94,0,1,4,1,4,0,0,0,11,2,0
51,5,6,0,274,4,59,0,1,4,1,4,0,0,2,1,6,0
46,10,5,0,332,4,53,3,1,4,1,4,3,0,2,1,6,1
53,12,9,0,406,4,166,0,1,4,1,4,0,0,0,11,10,0
59,5,6,0,396,4,165,0,1,4,1,4,0,0,0,11,2,0
40,5,11,0,307,4,103,0,1,4,1,4,3,0,2,1,7,0
42,5,11,0,307,4,85,0,1,4,1,4,3,0,3,15,7,0
53,11,9,0,396,4,159,0,1,4,1,4,0,0,0,11,9,0
43,5,11,0,307,4,85,0,1,9,1,4,3,0,3,15,7,0
52,1,11,0,360,4,154,2,1,4,1,4,3,0,3,15,6,1
54,11,9,0,347,4,67,0,1,9,1,4,3,0,2,1,5,1
48,0,2,0,386,4,148,1,1,14,1,4,3,0,0,11,2,0
31,10,11,0,401,4,153,0,1,4,1,4,0,0,0,11,2,0
55,7,9,0,347,4,119,0,1,4,1,4,0,0,3,15,2,0
62,10,8,0,406,4,155,0,1,4,1,4,0,0,0,11,9,0
46,12,2,0,376,4,110,0,1,4,1,4,0,0,0,11,2,0
39,1,2,0,396,4,164,0,1,4,1,4,0,0,0,11,2,0
31,12,8,0,396,4,165,0,1,4,1,4,0,0,0,11,10,1
53,10,9,0,370,4,119,3,1,4,1,4,3,0,3,15,6,0
53,5,10,0,376,4,113,0,1,4,1,4,3,0,0,11,2,0
60,10,8,0,382,4,153,0,1,4,1,4,3,0,0,11,3,0
47,12,11,0,364,4,153,0,1,4,1,4,0,0,0,11,9,0
59,12,9,0,376,4,123,0,1,4,1,4,0,0,3,15,2,0
36,6,0,0,407,4,171,0,1,4,1,4,0,0,0,11,2,0
53,12,9,0,386,4,165,0,1,4,1,4,0,0,3,15,2,0
50,5,6,0,386,4,158,0,1,4,1,4,3,0,2,1,2,0
48,5,9,0,382,4,165,0,1,4,1,4,0,0,2,1,2,0
51,12,9,0,382,4,137,0,1,4,1,4,0,0,3,15,2,0
24,5,11,163,386,4,142,0,1,4,1,4,3,0,3,15,2,0
47,10,11,0,396,4,178,0,1,4,1,4,0,0,2,1,2,0
57,12,11,0,382,4,155,0,1,4,1,4,0,0,2,1,2,0
53,12,9,0,347,4,119,0,1,4,1,4,0,0,3,15,2,0
54,10,9,0,382,4,127,0,1,4,1,4,0,0,2,1,2,0
62,1,10,0,307,4,59,0,1,4,1,4,0,0,2,1,2,0
46,5,11,0,396,4,168,0,1,4,1,4,0,0,2,1,2,0
62,12,11,0,376,4,119,0,1,4,1,4,0,0,2,1,2,0
55,1,6,0,382,4,148,0,1,4,1,4,0,0,3,15,2,0
55,10,9,0,382,4,149,0,1,4,1,4,0,0,0,11,2,0
55,10,9,0,382,4,149,0,1,4,1,4,0,0,0,11,2,0
57,12,11,163,386,4,170,0,1,4,1,4,0,0,2,1,2,1
44,12,11,0,364,0,42,0,1,4,1,4,3,0,2,1,2,0
34,11,11,0,382,4,142,0,1,4,1,4,0,0,2,1,2,0
61,1,9,0,382,4,123,0,1,4,1,4,0,0,3,15,2,0
54,11,2,0,376,4,182,0,1,4,1,4,0,0,2,1,2,0
53,5,9,0,307,4,59,0,1,4,1,4,0,0,2,1,6,0
56,10,9,0,390,4,162,0,1,4,1,4,0,0,2,1,2,0
54,1,9,0,386,4,172,0,1,4,1,4,0,0,2,1,2,0
46,10,6,0,393,4,151,0,1,4,1,4,0,0,3,15,2,0
55,9,9,0,390,4,156,1,1,4,1,4,0,0,2,1,2,0
57,9,9,0,396,4,83,1,1,4,1,4,0,0,2,1,2,1
62,12,2,0,402,4,168,0,1,4,1,4,0,0,3,15,2,0
54,10,9,0,376,4,108,0,1,4,1,4,0,0,2,1,2,0
53,10,6,0,396,4,168,0,1,4,1,4,0,0,3,15,2,1
48,12,2,0,396,4,163,0,1,4,1,4,3,0,2,1,2,0
48,12,2,0,396,4,163,0,1,4,1,4,3,0,3,15,2,0
57,10,9,0,390,4,165,0,1,4,1,4,0,0,3,15,2,0
60,0,9,0,382,4,155,0,1,4,1,4,0,0,2,1,2,0
54,12,9,0,396,4,154,0,1,4,1,4,0,0,2,1,2,1
22,2,0,56,4,4,15,1,1,9,1,3,3,0,3,0,1,0
38,11,2,24,4,4,6,0,1,9,1,3,3,0,0,11,1,0
35,6,2,50,4,4,83,1,1,4,1,3,3,0,0,1,6,0
35,10,2,24,4,4,26,0,0,9,1,3,3,0,0,11,1,0
35,11,0,22,4,4,26,0,1,4,1,3,3,0,0,11,1,0
36,2,8,22,4,4,108,0,1,4,1,3,3,0,0,11,9,0
22,12,0,56,4,4,42,0,1,9,1,3,3,0,0,11,1,0
40,12,10,13,4,4,15,0,1,4,1,3,3,0,0,11,3,0
21,6,2,56,4,4,12,0,1,9,1,3,3,0,0,11,1,0
35,11,10,17,4,4,47,0,1,9,1,3,3,0,0,11,2,0
53,10,9,103,306,4,50,0,0,4,0,4,3,0,1,3,4,0
26,2,8,147,357,4,123,1,1,4,1,4,3,0,2,1,2,1
45,5,6,86,292,4,85,0,1,4,1,4,3,0,2,1,2,0
22,2,11,127,307,4,69,1,1,14,1,4,3,0,2,1,2,0
30,5,6,61,242,4,26,0,1,4,1,4,0,0,2,1,6,0
46,12,8,103,306,4,33,0,1,6,1,4,0,0,3,15,6,0
34,11,2,61,242,4,53,0,1,6,1,4,0,0,2,1,6,0
34,10,6,102,305,4,67,0,0,6,1,4,0,0,0,11,10,1
32,5,2,61,242,4,42,0,1,6,1,4,3,0,2,1,2,0
18,6,11,147,357,4,131,1,1,6,1,4,1,0,0,11,2,0
18,6,11,104,307,4,131,1,1,6,1,4,1,0,0,11,2,1
29,5,11,104,307,4,137,0,1,6,1,4,3,0,3,15,10,1
18,6,11,147,357,4,131,1,1,6,1,4,1,0,0,11,2,0
13,0,11,127,332,4,94,1,1,6,1,4,0,0,3,15,2,0
40,10,11,39,136,4,47,2,1,6,1,4,0,0,2,1,6,0
36,2,8,116,326,4,108,0,1,6,1,4,3,0,0,11,9,0
45,12,11,127,332,4,165,0,0,6,1,4,0,0,2,1,10,0
39,10,6,73,274,4,119,0,1,9,1,4,3,0,2,1,2,0
28,12,11,61,242,4,47,0,1,6,1,4,0,0,2,1,6,0
24,6,2,102,305,4,52,1,1,6,1,4,0,0,2,1,6,1
38,12,11,54,227,4,54,0,1,6,1,4,0,0,1,3,2,1
26,6,11,61,242,4,75,1,1,21,1,4,3,0,2,1,6,0
20,1,2,39,136,4,44,3,1,6,1,4,3,0,3,15,2,0
28,6,11,73,274,4,59,0,1,6,1,4,0,0,2,1,6,0
31,5,6,61,242,4,44,0,1,6,1,4,0,0,2,1,6,0
33,2,8,147,357,4,148,0,0,6,1,4,3,0,0,11,2,0
33,2,8,147,357,4,148,0,1,6,1,4,3,0,0,11,2,0
45,5,11,147,357,4,165,0,1,6,1,4,3,0,0,11,2,0
48,11,11,33,345,3,176,0,0,6,1,4,0,0,2,1,2,1
8,11,2,104,307,4,53,0,1,6,1,4,0,0,0,11,2,0
31,2,2,147,357,4,137,1,1,6,1,4,3,0,0,11,2,0
29,10,11,104,307,4,67,0,1,6,1,4,0,0,2,1,2,0
47,10,0,50,206,4,15,0,1,6,1,4,3,0,0,11,2,0
32,10,2,39,136,4,25,0,1,6,1,4,3,0,2,1,2,0
31,11,6,104,307,4,52,0,1,9,1,4,3,0,2,1,2,1
35,11,6,104,307,4,26,0,1,9,1,4,3,0,0,11,2,1
6,11,2,147,357,4,119,0,1,6,1,4,3,0,2,1,2,0
0,11,2,147,357,4,119,0,1,9,1,4,3,0,2,1,2,0
35,11,11,144,354,4,98,0,0,6,1,4,3,0,0,11,2,1
31,2,11,61,242,4,108,0,1,0,1,5,0,0,4,6,2,1
53,12,9,104,307,4,26,0,0,0,1,5,0,0,3,14,1,0
33,12,11,61,242,4,44,0,1,1,1,5,0,0,7,13,6,0
26,0,11,7,13,4,33,0,1,9,1,3,3,0,2,1,0,1
39,5,11,7,20,4,67,0,1,6,1,3,3,0,2,1,2,0
34,11,11,135,344,4,148,0,0,6,1,3,0,0,0,11,10,0
17,6,2,2,19,1,26,0,1,6,1,3,3,0,6,12,2,0
47,12,11,92,314,2,67,0,0,6,1,3,3,0,0,11,10,0
34,12,11,41,124,4,15,0,1,9,1,3,3,0,2,1,2,0
40,10,11,150,348,4,121,0,0,12,1,3,3,0,0,11,10,0
35,11,11,108,271,4,76,0,1,15,1,3,3,0,0,11,2,0
36,12,11,73,52,4,100,0,1,4,1,3,0,0,8,8,9,0
40,11,11,155,283,4,121,0,0,20,1,3,3,0,0,11,10,0
35,11,2,165,261,4,54,0,0,21,1,3,1,0,0,11,2,0
23,12,2,116,36,4,44,0,1,4,1,3,3,0,2,1,2,0
35,11,9,61,224,4,103,0,0,4,1,3,0,0,0,11,3,0
35,11,11,147,253,4,103,0,1,21,1,3,0,0,0,11,2,1
38,10,11,170,386,4,83,0,1,4,1,4,0,0,3,15,2,0
30,10,11,170,386,4,153,0,1,4,1,4,0,0,0,11,2,0
41,5,11,180,401,4,165,0,0,4,1,4,0,0,3,15,2,1
42,5,11,163,386,4,153,0,0,4,1,4,0,0,0,11,2,1
31,12,8,172,396,4,165,0,1,4,1,4,0,0,0,11,10,1
29,12,1,163,386,4,148,0,1,21,1,4,0,0,3,15,10,1
46,10,0,172,396,4,131,0,0,4,1,4,0,0,3,15,2,0
39,1,11,163,386,4,165,0,1,14,1,4,3,0,2,1,2,0
34,2,0,163,386,4,94,0,1,4,1,4,0,0,2,1,2,0
42,11,11,163,386,4,137,0,1,4,1,4,0,0,0,11,2,1
38,1,11,172,396,4,149,0,1,5,1,4,0,0,2,1,2,0
34,2,0,163,386,4,134,0,1,4,1,4,0,0,2,1,2,1
37,11,0,163,386,4,153,0,1,4,1,4,0,0,3,15,2,1
35,6,11,163,386,4,165,1,1,4,1,4,0,0,0,11,2,0
15,6,12,172,396,4,168,0,1,4,1,4,0,0,2,1,2,1
37,1,11,172,396,4,168,0,1,4,1,4,0,0,2,1,2,0
27,12,11,163,386,4,148,0,1,4,1,4,0,0,3,15,2,0
15,6,11,163,386,4,129,1,1,21,1,4,3,0,2,1,2,1
32,5,0,163,386,4,126,0,1,4,1,4,0,0,2,1,2,0
35,12,0,163,386,4,120,0,1,4,1,4,0,0,2,1,2,1
47,1,0,86,386,3,119,0,0,4,1,4,0,0,2,1,2,0
38,9,11,163,386,4,131,1,1,9,1,4,0,0,0,11,2,0
21,1,11,172,396,4,149,3,1,4,1,4,0,0,0,11,2,0
47,11,11,163,386,4,108,0,0,4,1,4,0,0,3,15,2,1
37,12,0,163,386,4,145,0,1,4,1,4,0,0,2,1,2,0
39,2,0,163,386,4,138,0,1,4,1,4,0,0,2,1,2,0
19,2,11,163,386,4,134,1,1,21,1,4,3,0,2,1,2,1
35,11,2,169,392,4,144,0,1,4,1,4,3,0,0,11,2,1
35,6,11,172,396,4,158,0,1,4,1,4,3,0,2,1,2,1
43,11,0,163,386,4,148,0,1,14,1,4,0,0,2,1,2,0
16,6,0,163,386,4,130,1,1,4,1,4,0,0,2,1,2,0
28,11,8,169,392,2,160,0,1,14,1,4,3,0,3,15,2,0
23,2,11,163,386,4,142,0,1,14,1,4,3,0,2,1,2,0
34,12,11,163,386,4,148,0,0,9,1,4,0,0,2,1,2,1
36,10,0,163,386,4,131,0,1,4,1,4,0,0,2,1,2,1
43,11,0,163,386,4,148,0,1,4,1,4,0,0,2,1,2,1
41,0,0,163,386,4,148,1,1,9,1,4,0,0,2,1,2,0
20,2,0,163,386,4,94,1,1,4,1,4,0,0,2,1,2,0
47,5,11,163,386,4,119,0,0,4,1,4,0,0,8,8,10,0
34,6,11,163,386,4,160,0,1,14,1,4,3,0,2,1,2,1
42,5,0,163,386,4,134,0,1,4,1,4,0,0,2,1,2,0
41,12,0,163,386,4,148,0,1,4,1,4,0,0,2,1,2,0
46,5,0,163,386,4,109,0,0,4,1,4,0,0,2,1,2,1
35,11,11,163,386,4,131,0,1,4,1,4,0,0,0,11,2,0
26,2,11,175,401,4,161,0,1,4,1,4,0,0,0,11,2,0
35,6,11,179,404,0,163,1,0,9,1,4,3,0,0,11,2,0
35,11,2,182,408,4,186,0,0,4,1,4,0,0,0,11,2,1
35,11,9,172,396,4,155,0,1,4,1,4,0,0,0,11,2,1
28,10,2,178,403,4,165,0,1,14,1,4,0,0,0,11,2,0
39,11,2,173,399,4,165,0,1,17,1,4,0,0,2,1,2,0
27,12,2,163,386,4,131,0,1,21,1,4,3,0,2,1,2,0
35,11,11,175,401,4,152,0,1,4,1,4,0,0,0,11,2,0
35,11,10,163,386,4,142,0,1,4,1,4,0,0,0,11,2,0
31,11,11,86,386,3,119,0,1,4,1,4,0,0,2,1,2,0
35,11,11,163,386,4,137,0,0,4,1,4,0,0,0,11,10,0
32,12,0,50,249,4,15,0,1,9,1,3,0,0,2,1,6,0
7,11,2,31,169,4,54,0,1,6,1,3,1,0,0,11,9,0
40,5,6,16,84,4,53,0,1,6,1,3,3,0,2,1,2,0
41,5,6,34,215,4,41,0,1,6,1,3,3,0,2,1,10,1
27,6,11,138,363,4,148,0,1,6,1,3,0,0,2,1,2,1
40,11,0,30,154,4,18,0,1,9,1,3,3,0,0,11,1,1
21,6,11,73,274,1,28,1,1,4,1,4,3,0,3,15,6,0
24,2,2,73,274,1,53,1,1,9,1,4,3,0,2,1,10,0
30,6,9,32,251,4,15,0,1,9,1,3,0,0,6,12,6,0
35,12,2,48,255,4,15,0,1,9,1,3,0,5,0,11,10,0
20,6,11,117,334,4,131,0,1,9,1,3,3,0,2,1,6,0
27,6,6,117,334,4,53,0,1,9,1,3,3,0,2,1,6,0
21,6,6,117,334,4,51,0,1,9,1,3,3,0,2,1,6,0
23,9,11,159,378,4,119,1,1,9,1,3,0,0,0,11,10,0
39,12,4,48,251,4,44,0,1,9,1,3,0,0,2,1,6,0
2,11,11,76,312,4,154,0,1,6,1,3,0,0,0,11,2,0
2,11,11,76,312,4,154,0,1,6,1,3,0,0,0,11,2,0
46,10,11,63,303,4,85,0,0,6,1,3,0,0,3,0,2,1
30,12,2,91,318,4,51,0,1,9,1,3,1,0,0,11,11,0
38,10,11,88,329,4,154,0,1,6,1,3,0,0,0,11,2,0
35,11,2,52,255,4,36,0,1,9,1,3,3,0,0,11,2,0
43,12,0,134,366,4,109,0,0,6,1,3,0,0,2,1,2,0
43,12,11,39,255,4,62,0,1,6,1,3,0,0,8,8,2,0
52,5,2,99,351,4,86,0,0,6,1,3,0,0,0,11,10,0
32,1,11,149,366,4,142,0,1,9,1,3,0,0,2,1,2,1
35,11,6,52,255,4,148,0,1,9,1,3,0,0,0,11,2,0
23,9,11,149,378,4,123,0,1,6,1,3,0,0,0,11,2,1
33,12,0,154,377,4,120,0,1,6,1,3,0,0,2,1,2,0
35,11,2,174,58,4,108,0,0,27,1,3,0,0,0,11,2,1
33,10,8,174,72,4,148,0,0,21,1,3,3,0,0,11,2,0
30,1,11,174,211,4,67,0,1,32,1,3,3,0,6,1,2,1
29,5,8,174,295,4,112,0,1,24,1,3,3,0,2,1,2,0
40,12,10,94,24,4,57,0,0,16,1,3,3,0,3,0,1,1
35,11,2,141,8,4,51,0,0,0,1,3,1,0,0,11,2,1
11,6,2,94,16,4,53,1,1,25,1,3,3,0,0,11,1,1
41,12,9,0,404,3,67,0,1,39,1,2,0,0,0,11,9,1
52,12,11,0,404,3,153,0,1,38,1,2,0,0,2,1,10,1
60,6,9,0,375,3,142,0,1,35,1,2,2,0,0,11,10,0
59,5,9,0,385,3,44,0,1,36,1,2,2,0,0,11,10,0
63,1,9,0,367,3,0,0,1,4,1,2,2,0,1,10,10,0
65,12,9,0,355,3,67,0,1,29,1,2,2,0,2,1,10,1
48,10,11,143,352,4,119,0,1,19,1,3,0,0,0,11,10,0
21,2,11,143,351,4,62,1,1,19,1,3,3,0,0,11,3,0
21,2,2,108,318,4,67,1,1,16,1,3,3,0,0,11,10,0
18,11,11,176,394,4,185,0,0,19,1,3,3,0,2,1,2,0
38,10,11,143,351,4,154,0,0,26,1,3,0,0,0,11,2,0
44,5,6,156,362,4,108,0,0,19,1,3,3,0,2,1,2,0
33,10,8,158,368,4,148,0,1,19,1,3,3,0,0,11,2,0
35,11,2,143,351,4,59,0,0,19,1,3,3,0,0,11,2,0
31,12,2,108,318,4,72,0,1,19,1,3,3,0,0,11,2,1
35,11,11,168,384,4,160,0,1,26,1,3,3,0,0,11,2,1
48,11,0,158,366,4,137,0,1,16,1,3,0,0,2,1,2,0
35,12,2,131,338,0,53,0,0,26,1,3,3,0,0,11,3,1
35,6,10,143,351,4,94,1,1,19,1,3,3,0,5,4,2,1
18,6,11,171,387,4,119,1,1,19,1,3,3,0,2,1,2,1
21,6,11,143,351,4,137,1,1,19,1,3,3,0,0,11,2,1
51,10,2,129,331,4,128,0,0,16,1,3,0,0,2,1,2,0
50,10,0,168,383,4,131,0,0,16,1,3,0,0,2,1,2,1
15,2,12,177,397,4,180,1,1,23,1,3,0,0,2,1,2,0
13,2,12,177,397,4,180,1,1,23,1,3,0,0,2,1,2,1
35,11,2,108,318,4,15,0,1,26,1,3,3,0,0,11,2,1
11,2,12,108,311,4,108,1,1,19,1,3,3,0,2,1,2,0
43,10,2,131,334,4,70,0,1,19,1,3,1,0,2,1,10,1
7,11,2,158,366,4,153,0,1,26,1,3,0,0,2,1,2,1
28,11,11,158,366,4,103,0,1,19,1,3,3,0,6,1,2,1
20,5,11,168,383,4,131,0,1,19,1,3,3,0,2,1,2,0
13,2,12,168,383,4,177,1,1,16,1,3,3,0,2,1,2,1
1,11,0,158,366,4,119,0,1,16,1,3,0,0,2,1,2,0
18,6,0,168,383,4,149,3,1,23,1,3,0,0,2,1,2,0
4,11,11,152,359,4,92,0,1,16,1,3,3,0,2,1,2,0
37,12,11,167,380,4,174,0,0,19,1,3,0,0,8,8,10,1
35,11,11,168,384,4,111,0,1,19,1,3,3,0,0,11,2,0
24,6,11,143,350,4,111,0,1,19,1,3,3,0,2,1,2,0
35,5,0,166,381,4,123,0,1,16,1,3,0,0,2,1,2,1
6,11,0,166,381,4,136,0,1,16,1,3,0,0,2,1,2,1
28,11,0,168,383,4,119,0,1,19,1,3,0,0,2,1,2,0
35,11,11,108,318,4,141,0,1,16,1,3,0,0,0,11,2,0
9,1,11,108,311,4,100,3,1,19,1,3,3,0,2,1,2,0
37,5,6,0,382,4,131,0,1,4,1,2,3,0,8,8,2,0
51,5,6,0,382,4,132,0,1,4,1,2,0,0,2,1,2,1
47,5,11,0,400,4,157,0,1,4,1,2,0,0,0,11,2,0
44,5,11,0,382,4,165,0,1,4,1,2,0,0,2,1,2,0
45,5,11,163,386,4,155,0,1,4,1,2,0,0,2,1,2,0
24,2,11,163,386,4,174,1,1,9,1,2,0,0,2,1,2,0
25,12,2,0,373,4,120,0,1,4,1,2,3,0,0,11,2,0
45,1,6,0,373,4,108,0,1,4,1,2,0,0,3,15,2,0
27,12,8,0,382,4,155,0,1,4,1,2,0,0,2,1,2,0
26,5,11,0,347,4,119,0,1,14,1,2,3,0,2,1,2,0
50,10,11,0,396,4,155,0,1,4,1,2,0,0,2,1,2,0
50,10,9,0,382,4,123,0,1,4,1,2,0,0,2,1,2,0
53,12,9,0,386,4,165,0,1,4,1,2,0,0,8,8,2,0
50,5,9,0,382,4,153,0,1,4,1,2,0,0,2,1,2,0
41,12,0,0,382,4,125,0,1,4,1,2,0,0,3,15,2,0
50,5,11,0,376,4,137,0,1,4,1,2,0,0,2,1,2,0
50,12,2,0,396,4,153,0,1,4,1,2,0,0,3,15,2,0
44,11,2,0,376,4,108,0,1,4,1,2,0,0,2,1,2,0
35,11,9,0,382,4,131,0,1,4,1,2,0,0,0,11,2,0
38,1,6,0,382,4,120,0,1,4,1,2,0,0,2,1,2,0
51,11,11,0,396,4,149,0,1,4,1,2,0,0,3,15,2,0
51,11,11,0,396,4,149,0,1,4,1,2,0,0,3,15,2,0
50,12,9,0,396,4,163,0,1,4,1,2,3,0,0,11,2,0
35,2,11,0,392,4,163,0,1,4,1,2,0,0,0,11,10,0
51,12,9,0,376,4,133,0,1,4,1,2,3,0,0,11,9,0
51,12,11,0,396,4,153,0,1,4,1,2,0,0,3,15,2,0
35,5,2,0,396,4,162,0,1,4,1,2,0,0,0,11,9,0
44,5,11,0,382,4,155,0,1,4,1,2,0,0,2,1,2,0
41,12,11,0,382,4,153,0,1,4,1,2,0,0,3,15,2,0
53,12,11,0,382,4,184,0,1,4,1,2,0,0,2,1,2,0
51,12,9,0,347,4,119,0,1,4,1,2,0,0,8,8,2,0
49,11,11,0,404,4,187,0,1,4,1,2,0,0,2,1,2,0
44,5,11,0,382,4,153,0,1,4,1,2,0,0,2,1,2,0
35,12,11,163,386,4,131,0,1,4,1,2,0,0,0,11,2,0
16,11,11,0,382,4,155,0,1,4,1,2,0,0,3,15,2,0
51,12,0,0,364,4,108,0,1,4,1,2,3,0,0,11,2,0
40,11,11,0,398,4,165,0,1,4,1,2,0,0,2,1,2,0
53,11,11,0,382,4,183,0,1,4,1,2,0,0,3,15,2,0
48,11,9,0,386,4,148,0,1,9,1,2,0,0,2,1,2,1
51,12,9,0,376,4,119,0,1,4,1,2,0,0,3,15,2,0
40,10,11,0,382,4,165,0,1,9,1,2,0,0,3,15,2,0
50,11,2,0,386,4,142,0,1,4,1,2,0,0,2,1,2,0
14,0,11,0,382,4,131,1,1,4,1,2,0,0,2,1,2,0
51,7,9,0,401,4,165,1,1,4,1,2,0,0,2,1,2,0
46,6,11,0,382,4,165,0,1,9,1,2,0,0,2,1,2,0
53,5,9,0,382,4,155,0,1,4,1,2,0,0,2,1,2,0
30,12,11,0,374,4,119,0,1,4,1,2,0,0,2,1,2,0
44,6,11,0,391,4,158,0,1,4,1,2,0,0,2,1,2,0
53,5,6,0,382,4,148,0,1,4,1,2,0,0,2,1,2,0
35,11,8,0,405,4,173,0,1,9,1,2,0,0,2,1,2,0
49,10,11,0,376,4,118,0,1,4,1,2,0,0,2,1,2,0
38,2,2,0,347,4,101,0,1,4,1,2,3,0,0,11,2,0
51,12,9,0,396,4,149,0,1,4,1,2,0,0,3,15,2,0
25,1,11,0,382,4,123,0,1,4,1,2,0,0,3,15,2,1
40,1,11,0,382,4,123,0,1,4,1,2,0,0,0,11,2,0
51,11,9,0,382,4,153,0,1,4,1,2,0,0,2,1,2,0
31,2,2,0,382,4,137,0,1,4,1,2,0,0,0,11,2,0
35,1,10,0,347,4,67,3,1,4,1,2,0,0,0,11,2,0
48,10,2,0,242,4,53,0,1,4,1,2,3,0,2,1,10,1
35,11,6,0,376,4,131,0,1,4,1,2,0,0,0,11,2,1
38,11,11,0,396,4,162,0,1,4,1,2,0,0,2,1,2,1
35,11,6,0,386,4,148,0,1,4,1,2,0,0,2,1,2,0
14,6,11,174,397,4,137,1,1,40,1,3,0,0,2,1,2,0
13,6,12,39,146,4,26,1,1,41,1,3,3,0,2,1,2,0
21,2,2,161,378,4,137,1,1,39,1,3,0,0,0,11,2,0
39,5,11,124,342,4,163,0,1,2,1,3,1,0,4,16,10,0
24,11,11,70,299,4,26,0,1,1,1,3,0,0,0,11,10,0
42,11,11,5,9,4,7,0,1,5,1,3,0,0,1,2,1,0
34,12,10,73,252,4,179,0,1,9,1,3,0,8,0,11,10,0
36,2,8,125,317,4,108,0,1,9,1,3,3,0,0,11,9,0
38,12,0,54,177,2,24,0,0,9,1,3,3,0,0,11,3,0
32,5,6,151,343,4,169,0,1,9,1,3,3,0,2,1,9,1
26,12,0,104,259,4,42,0,0,14,1,3,3,0,0,11,1,0
48,10,10,28,104,4,33,0,1,4,1,3,1,0,2,1,2,1
42,5,6,61,197,4,44,0,0,9,1,3,3,0,0,11,1,0
14,11,0,61,242,4,7,0,1,3,1,4,3,0,7,13,2,0
41,12,11,147,18,4,106,0,0,4,1,3,0,0,2,1,2,1
49,12,2,180,339,4,165,0,0,17,1,3,3,0,2,1,2,1
37,10,10,61,242,4,26,0,1,12,1,4,3,0,2,1,6,1
35,11,10,104,307,4,59,0,1,12,1,4,0,0,0,11,2,1
35,1,11,82,285,4,109,3,1,5,1,4,0,0,0,11,2,0
29,2,2,148,358,4,137,1,1,4,1,4,3,0,0,11,2,0
53,12,9,141,347,4,104,0,0,0,1,4,3,0,7,13,6,0
45,10,11,106,332,4,53,3,0,0,1,4,0,0,4,6,2,1
35,6,11,142,364,4,162,1,1,4,1,4,0,0,0,11,2,0
29,12,0,153,376,4,108,0,1,4,1,4,0,0,2,1,2,1
21,2,11,153,376,4,119,0,1,6,1,4,0,0,3,15,2,1
12,2,0,146,372,4,131,1,1,6,1,4,0,0,3,15,2,1
35,11,10,133,357,4,80,0,1,6,1,4,0,0,0,11,2,1
13,10,2,39,31,4,7,1,1,4,1,5,0,6,4,7,9,0
47,5,11,39,31,4,108,0,1,4,1,5,0,6,4,7,9,0
29,1,6,0,395,3,119,3,1,27,1,2,0,0,2,1,10,0
29,10,6,0,395,3,119,3,1,27,1,2,0,0,2,1,10,0
